,male
0,Bhaskarjit
1,Rijurekh
2,Dillu
3,Ravindra
4,Bachchu
5,Suriya
6,Padmanabha
7,Azaan
8,Arziyan
9,HariNand
10,Vaijayi
11,Aaroosh
12,Dhanya
13,Kiran
14,Ramratan
15,Arins
16,Neitik
17,Shyam
18,Amal
19,Ankana
20,Jadid
21,Ekansh
22,Rishan
23,Nikhilesh
24,Mischa
25,Rajkumar
26,Yahia
27,Onil
28,Riti
29,Dwiju
30,Neelam
31,Gangadutt
32,Soman
33,Navdeep
34,Bjay
35,Parijat
36,Shailen
37,Sompod
38,Aasutosh
39,Akadh
40,Ajit
41,Nityapriya
42,Bidyadhara
43,Namit
44,Venu
45,Krishnandu
46,Anoop
47,Banshilal
48,Biku
49,Maloy
50,Pratyay
51,Purav
52,Angad
53,Rajanikant
54,Rinve
55,Sonjib
56,Mahendra
57,Anonto
58,Debadutta
59,Sarvesh
60,Biswanth
61,Yom
62,Haris
63,Bitul
64,Samim
65,Niladri
66,Binodon
67,Kumar
68,Manoar
69,Kala
70,Ritan
71,Gangaram
72,Ulagarasan
73,Arkadev
74,Saukat
75,Vihaan
76,Anupam
77,Rahamat
78,Svarup
79,Bibin
80,Buddheswar
81,Adikavi
82,Jagdeo
83,Dahman
84,Nishith
85,Bachan
86,Shipra
87,Wasim
88,Dinanath
89,Amardeep
90,Mahaveer
91,Dheen
92,Saruar
93,Adarsh
94,Gojendra
95,Ahijit
96,Dandapani
97,Kamalbandhu
98,Maimun
99,Awab
100,Vishva
101,Mahabahu
102,Umakant
103,Mandal
104,Kounish
105,Tarek
106,Biju
107,Keshav
108,Ugresh
109,Satayu
110,Ahir
111,Mohul
112,Tapajit
113,HridayaNanda
114,Jian
115,Duraimurugan
116,Shlok
117,Shekhar
118,Byford
119,Bhimrao
120,Shrien
121,Nilkanta
122,Dhanvin
123,Chatresh
124,Dhirendranath
125,Taher
126,Tasheen
127,Alfaz
128,Ampit
129,Monir
130,Pallab
131,Sovik
132,Kopil
133,Ashtu
134,Pranav
135,Jitesh
136,Jayankar
137,Divyaan
138,Pravin
139,Probin
140,Savir
141,Rishin
142,Chotton
143,Trilokesh
144,Aijaz
145,Dalim
146,Lokpradeep
147,Pradum
148,Mrigendra
149,Debajoy
150,Somraj
151,Ukunda
152,Abilash
153,Sojib
154,Nandlal
155,Vikki
156,Biresh
157,Nannu
158,Vishvanaath
159,Indumat
160,Advayu
161,Nripendra
162,Hass
163,Ramisa
164,Vidya
165,Na
166,Kirit
167,Kattappa
168,Balaichand
169,Pretom
170,Ahnik
171,Siraz
172,Yamajit
173,Jahid
174,Niham
175,Saju
176,Shagor
177,Jagannath
178,Ashikur
179,Chandrodaya
180,Nizam
181,Arwa
182,Vishesh
183,Mridanga
184,Dhurjatiprasad
185,Monisankar
186,Abhighna
187,Ashraful
188,Pradhyun
189,Prabodh
190,Najmul
191,Debprosad
192,Lalmohan
193,Prokash
194,Ambili
195,Hiramba
196,Dipak
197,Debabrato
198,Poulami
199,Agra
200,Chandramohan
201,Babua
202,Manan
203,Anurag
204,Dhaibat
205,Rittick
206,Meyer
207,Rustam
208,Aranyak
209,Avi
210,Diganta
211,Piku
212,Chit
213,Anuran
214,Debsmit
215,Vikash
216,Ananyo
217,Nileema
218,Abhishek
219,Bhutan
220,Deepanth
221,Kamalanta
222,Virbhanu
223,Iraj
224,Sarojit
225,Veerendra
226,Dwijendra
227,Preethu
228,Saroj
229,Kausar
230,Pritin
231,Parves
232,Zinadin
233,Ruchir
234,Manamohan
235,Kanhaiya
236,Gobinda
237,Sohrab
238,Biprojit
239,Prosad
240,Jaivardhan
241,Reetam
242,Salman
243,Nihar
244,Saphal
245,ChandraSekhar
246,Anay
247,Saounak
248,Tapos
249,Morad
250,Purnayan
251,Kishor
252,Siba
253,Mrittunjoy
254,Adreeto
255,Sanchit
256,Pronay
257,Manomohan
258,Rudrangshu
259,Bishojit
260,Jameel
261,Prabir
262,Akash
263,Ishvara
264,Omar
265,Bippin
266,Esh
267,Kaling
268,Niamul
269,Trishanjit
270,Bivash
271,Subodh
272,Chhayank
273,Bisnukant
274,Grishm
275,Prithviraj
276,Akikul
277,Ridayansh
278,Joeonto
279,Priyangshu
280,Goswamee
281,Manjoy
282,Dyutiman
283,Ashok
284,Ritu
285,Tubai
286,Omkarnath
287,Diptimoy
288,Budhi
289,Sihab
290,Debankar
291,Indrojit
292,Prabhudev
293,Ranapratap
294,Adhir
295,Hirolal
296,Bebak
297,Aiush
298,Rishav
299,Mubassir
300,Vaishvik
301,Noyan
302,Pamposh
303,Forhad
304,Raghunath
305,Kuntal
306,Aurum
307,Nalinikanta
308,Veehan
309,Maheswara
310,Bharata
311,Emdadul
312,Naireet
313,Kesaba
314,Taibur
315,Kohinoor
316,Nilabrata
317,GorakhNaath
318,Charanjit
319,Om
320,Mrigank
321,Kalidas
322,Pulakesh
323,Sovon
324,Abhisek
325,Jabin
326,Ridhoy
327,Reet
328,Sabari
329,Ekatan
330,Giriraj
331,Sachit
332,Arif
333,Noni
334,Premendra
335,Ujjala
336,Shijit
337,Prajyaan
338,Debangshu
339,Adhrit
340,Brojeshwar
341,Pratham
342,Pranjan
343,Rishim
344,Rabiranjan
345,Bijal
346,Lakshan
347,Rain
348,Prajeet
349,Jayanth
350,Awal
351,Debashis
352,Debabrata
353,Kabir
354,Harinarayan
355,Sripan
356,Arijita
357,Samadip
358,Mehtar
359,Nazrul
360,Hemonto
361,Dibyansu
362,Rudranjan
363,Mohim
364,Nuha
365,Pradosh
366,Tohidul
367,Trilak
368,Anshu
369,Aaranyak
370,Gogula
371,Mangaldeep
372,Kesav
373,Bhadrik
374,Durga
375,Slok
376,Areen
377,Ujjal
378,Kabindra
379,Nandapal
380,Moneesh
381,Dhanes
382,Anik
383,Tamiliniyan
384,Boni
385,Riyan
386,Vedant
387,Jabed
388,Mura
389,Jujhar
390,Nokul
391,Afrid
392,Vitthal
393,Abhiraaj
394,Girisha
395,Sarhan
396,Mrinal
397,Aantarik
398,Vahin
399,Pravash
400,Gopal
401,Samidh
402,Nazibul
403,Gunindra
404,Swatik
405,Biswajith
406,Dipta
407,Sunay
408,Rajballabh
409,Eswar
410,Aumi
411,Gias
412,Avigan
413,Shoumo
414,Tridib
415,Debadittya
416,Arkadeep
417,Meghaj
418,Romanath
419,Sujosh
420,Prajval
421,Vatsar
422,Pritwish
423,Binush
424,Abhinna
425,Rabin
426,Ruthvik
427,Nilarnab
428,Barnali
429,Dibyadeep
430,Bibishan
431,Devay
432,Katyayan
433,Tahir
434,Eijaz
435,Moh
436,Halim
437,Mangalesh
438,Shafaat
439,Gaurango
440,Debranjan
441,Arham
442,Purno
443,Rochan
444,Vadivel
445,Athulya
446,Ojasvaan
447,Haro
448,Karthik
449,Ashmit
450,Mehir
451,Rebanta
452,Nirmallya
453,Orun
454,Prabudda
455,Sahin
456,Torun
457,Aninda
458,Aavish
459,Kanakesh
460,Rijvan
461,Nitan
462,Narendranath
463,Shaham
464,Prabhakar
465,Vinochan
466,Nilanta
467,Bhalchandra
468,Saikat
469,Emdad
470,Rupendra
471,Bhavesh
472,Nilotpal
473,Sujal
474,Sanju
475,Ritajit
476,Prasen
477,Vivekananda
478,Subrat
479,Jaydeb
480,Kapi
481,Debargha
482,Kamran
483,Babai
484,Devyansu
485,Charbak
486,Adya
487,Babu
488,Jatish
489,Saheek
490,Shakif
491,Himadhri
492,Bishwjit
493,Debodutta
494,Arha
495,Omor
496,Puneet
497,Maharshi
498,Dwipen
499,Parag
500,Akram
501,Hrishita
502,Suvan
503,Arunab
504,Kritik
505,Chandranath
506,Goutam
507,Sivaji
508,Prashtut
509,Suril
510,Agniv
511,Ridhan
512,Karunamoy
513,Bebo
514,Manatosh
515,Jibak
516,Kaushick
517,Varindra
518,Vidyut
519,Debojit
520,Falgu
521,Tanjim
522,Nityananda
523,Soumik
524,Yogie
525,Bijoi
526,Dibyaraj
527,Rasesh
528,Aadittya
529,Debjani
530,Priyan
531,Ekaansh
532,Rownok
533,Dhaneswor
534,Paramesh
535,Patanjal
536,Bihan
537,Giyandip
538,Mifzal
539,Amar
540,Kanti
541,Pramad
542,Boudhayan
543,Prittam
544,Rajyashree
545,Tirtho
546,Aniket
547,Bapon
548,Bhupad
549,Amarnath
550,Inban
551,Viraj
552,Rayyan
553,Arambh
554,Ipsit
555,Sankar
556,Trilochan
557,Param
558,Dheeraj
559,Soumen
560,Kailas
561,Harendra
562,Baldeb
563,Krishnan
564,Ranik
565,Akshath
566,Bappon
567,Summit
568,Hemraaj
569,Ravishu
570,Ekalabya
571,Nikhat
572,Shoel
573,Champabati
574,Ritvik
575,Bhava
576,Uzzal
577,Krithvi
578,Baadal
579,Gopichand
580,Hirdesh
581,Ajith
582,Prithyis
583,Depanshu
584,Shaifur
585,Debdutt
586,Debdut
587,Brigu
588,Sayhan
589,Snehes
590,Indronil
591,Nantu
592,Provakar
593,Somesh
594,Debojyotee
595,Harichand
596,Karan
597,Aspak
598,Sayan
599,Jaybrata
600,Rajesh
601,Sunjid
602,Mahek
603,Gangadhar
604,Raviraj
605,Ahsanul
606,Kamalakanta
607,Jayjit
608,Duttaprasad
609,Probal
610,Hana
611,Biswash
612,Ratul
613,Gajakarna
614,Mangal
615,Vibbodh
616,Devesh
617,Nirupom
618,Biplop
619,Ripam
620,Apurvo
621,Kripanshu
622,Mo
623,Sarthk
624,Suvo
625,Saad
626,Tamesh
627,Nilysh
628,Tawhid
629,Bondip
630,Elilchelvan
631,Annada
632,Kundan
633,Bhoben
634,Anish
635,Riyam
636,Ratnadeb
637,Monon
638,Abijit
639,Apurbo
640,Sibaya
641,Prathick
642,Rouf
643,Gunaakar
644,Kuldip
645,Munmun
646,Shawkat
647,Ushakanta
648,Udayabhanu
649,Mritunjoy
650,Keshob
651,Mihir
652,Sajjan
653,Anirvan
654,Nandeswar
655,Gopinath
656,Pushpajit
657,Sanu
658,Anvi
659,Drivansh
660,Bhupinder
661,Rutvik
662,Jairam
663,Rajnnesh
664,Ashir
665,Yushan
666,Nirmal
667,Piash
668,Parviz
669,Yogesh
670,Rafan
671,Pronoy
672,Pintu
673,Bhargab
674,Sentu
675,Shuvra
676,Biddyut
677,Yiyakshu
678,Debajit
679,Saish
680,Anu
681,Prashanta
682,Priyaranjan
683,Nabendu
684,Prajesh
685,Hyash
686,Shemul
687,Shankha
688,Shubam
689,VishwaKarma
690,Arshan
691,Kritishman
692,Kirtan
693,Buddhividhata
694,Radhanath
695,Srinit
696,Shameek
697,Aarush
698,Sohom
699,Rajsekar
700,Tirthajit
701,Nived
702,Jyoti
703,Dakshit
704,Viveka
705,Probaldeep
706,Trisal
707,Anindya
708,Gyan
709,Vishwamukha
710,Adinath
711,Monuranjan
712,Newaz
713,Hazrat
714,Adrito
715,Indradip
716,Abba
717,Yogy
718,Bratya
719,Debobrata
720,Palash
721,Kanishta
722,Pradyut
723,Yugenes
724,Nikhil
725,Majidul
726,Bholanath
727,Biswajeeth
728,Sujoy
729,Vanajit
730,Gautama
731,Gajendranath
732,Firoj
733,Nivan
734,Ekanath
735,Deepjoy
736,Krishab
737,Sehan
738,Kriday
739,Devvrata
740,Amritapa
741,Salim
742,Sonai
743,Dipanth
744,Dheirya
745,Zeeshan
746,Paravasu
747,Montush
748,Sibu
749,Arijit
750,Hind
751,Yasin
752,Jiyaan
753,Haydar
754,Pranjali
755,Prahalad
756,Ranajay
757,Towhid
758,Kritesh
759,Xavi
760,Sindhu
761,Balark
762,Biplob
763,Balachandra
764,Puspendu
765,Prabakaran
766,Chahat
767,Faruk
768,Sadad
769,Parthav
770,Reyaansh
771,Poram
772,Sammad
773,Sohel
774,Binutosh
775,Jankesh
776,Didar
777,Tapas
778,Shamil
779,Dhanush
780,Nandun
781,Saunak
782,Shivan
783,Parichoy
784,Shanu
785,Saugat
786,Kiash
787,Sarthok
788,Tumpa
789,Viresh
790,Amitaabh
791,Dwijesh
792,Mustafizur
793,Arindam
794,Sarth
795,Var
796,Nick
797,Aush
798,Sourav
799,Garry
800,Rijwan
801,Ahian
802,Hemal
803,Kadamb
804,Masudur
805,Krishnadas
806,Ajeet
807,Gagan
808,Kashama
809,Gautam
810,Jagachandra
811,Bishwajeet
812,Uttar
813,Parakram
814,Deepu
815,Harasit
816,Cabir
817,DeveePrasad
818,Sazim
819,Bipak
820,Baisakh
821,Yudhistir
822,Vighneswar
823,Pradyumna
824,Dwipan
825,Asgar
826,Tshering
827,Ramswaroop
828,Hosen
829,Nareswar
830,Ayann
831,Kritwik
832,Devanshu
833,Sahan
834,Udit
835,Paavak
836,Abhik
837,Saroban
838,Chirayu
839,Biswam
840,Promoth
841,Ulagan
842,Sapan
843,Murugu
844,Mohit
845,Aran
846,Deendyal
847,Kushagra
848,Riju
849,Souvik
850,Titir
851,Sarbesh
852,Nayandip
853,Pabitra
854,Piyash
855,Gnan
856,Safiul
857,Kaif
858,Biren
859,Brajesh
860,Lakshmipati
861,Omkaraa
862,Santanu
863,Krishanu
864,Sonil
865,Oojwal
866,Sabiran
867,Bitupon
868,Umaprasad
869,Nathan
870,Pradeepto
871,Sadhu
872,Meet
873,Dhurjati
874,Deenadayaal
875,Palak
876,Nithyananda
877,Rushanth
878,Kibria
879,Bijay
880,Khian
881,Monosij
882,Mano
883,Manik
884,Malli
885,Bokkor
886,Nilkamal
887,Kotijit
888,Roshick
889,Sakash
890,Bhushan
891,Avigyan
892,Chandraanan
893,Bishoy
894,Viranath
895,Rajgopal
896,Rasha
897,Pushpendra
898,Jataayu
899,Makut
900,Lekhon
901,Vrajakishore
902,Laksh
903,Tejash
904,Veni
905,Subban
906,Ali
907,Satish
908,Chattu
909,Aryaneel
910,Bisu
911,Debaki
912,Abneesh
913,Bijeet
914,Esrafil
915,Talank
916,Satyam
917,Indrashish
918,Saranya
919,Gourob
920,Suvidh
921,Binod
922,Ragov
923,Khyatikar
924,Ushmey
925,Ritav
926,Tanu
927,Bhargob
928,Bichittra
929,Ponkoj
930,Parashmoni
931,Arnodeep
932,Pusan
933,Vedatmane
934,Deyaan
935,Gupi
936,Hare
937,Rocket
938,Arjan
939,Naval
940,Indumal
941,Chandana
942,Rituraj
943,Debdas
944,Champak
945,Moharaj
946,Deepankar
947,Soorya
948,Ayman
949,Debamrit
950,Hritam
951,Zisan
952,Naakesh
953,Rituparan
954,Ramanuj
955,Tahmid
956,Mafi
957,Dipesh
958,Ikshu
959,Hiranmaya
960,Ditya
961,Vajrakaya
962,Rajshekar
963,Bijita
964,Samya
965,Abinay
966,Nalin
967,Debasis
968,Proyash
969,Raunak
970,Chhottu
971,Devnath
972,Naag
973,Anku
974,Subir
975,Bappaditya
976,Krishnava
977,Maniram
978,Bidyeswar
979,Mehraz
980,Iniyan
981,Ssnjoy
982,Mahmood
983,Chahit
984,Chandra
985,Poyyamoli
986,Ramdulal
987,Swaksh
988,Kalu
989,Saagar
990,Bandhana
991,Indrakanta
992,Benoy
993,Sanika
994,Avijan
995,Utsho
996,Gagnesh
997,Paritran
998,Jakir
999,Ullas
1000,Bishnudev
1001,Tamonash
1002,Barshik
1003,Vijayakumar
1004,Kashinadh
1005,Vignesh
1006,Barek
1007,Ruhan
1008,Devant
1009,Varadraj
1010,Koustav
1011,Ramprosad
1012,Taksheel
1013,Ritabrata
1014,Alamgir
1015,Bhrigu
1016,Ravindranath
1017,Vishatan
1018,Bibesh
1019,Udumban
1020,Lisha
1021,Aditiya
1022,Kiron
1023,Badsha
1024,Sadavir
1025,Qaushiq
1026,Astam
1027,Kaiyum
1028,Niloy
1029,Gunith
1030,Anupal
1031,Gulam
1032,Biswonath
1033,Kaval
1034,Rangarajan
1035,Jadin
1036,Adityaa
1037,Tirash
1038,Silhad
1039,Lalu
1040,Irumporai
1041,Purosottam
1042,Arindom
1043,Somu
1044,Dhannu
1045,Pruthiraj
1046,Tamojit
1047,Pran
1048,Rasel
1049,Hariom
1050,Aurvin
1051,Debarchan
1052,Rakshan
1053,Maukthikeshwar
1054,Meghnad
1055,Zafrul
1056,Saaras
1057,Kalpajeet
1058,Prodipto
1059,Darpan
1060,Patoj
1061,Johan
1062,Mohesh
1063,Alekhya
1064,Geetanshu
1065,Anant
1066,Mukul
1067,Nasir
1068,Shahab
1069,Dhruvpad
1070,Ekalavya
1071,Aahaan
1072,Bhola
1073,Makunda
1074,Satyoki
1075,Bithin
1076,Manirul
1077,Avishar
1078,Naboneel
1079,Madhvan
1080,Proloy
1081,Puranjoy
1082,Harsith
1083,Dindayal
1084,Sa
1085,Robindra
1086,Munna
1087,Kushendra
1088,Ralasian
1089,Uthpal
1090,Tasnim
1091,Nilkantho
1092,Chiranjeeb
1093,Jyotirdhar
1094,Manogya
1095,Priyam
1096,Gurdeep
1097,Rajeeb
1098,Yadab
1099,Mahakaya
1100,Papu
1101,Rishad
1102,Tapobrata
1103,Bimalendu
1104,Mahadeb
1105,Banti
1106,Arunavo
1107,Samar
1108,Javed
1109,Sakib
1110,Deepan
1111,Ulhas
1112,Prosanto
1113,Rasmikanta
1114,Sinjan
1115,Niraj
1116,Sri
1117,Bidyut
1118,Kiraat
1119,Zain
1120,Liyan
1121,Yaalvendan
1122,Madhukanta
1123,Jaikrishna
1124,Isar
1125,Jaynta
1126,Shmeet
1127,Virat
1128,Tuvijat
1129,Bauddhayan
1130,Ajar
1131,Dwarakadas
1132,Santosh
1133,Devam
1134,Satyaki
1135,Dibyanker
1136,Sambit
1137,Bhulo
1138,Jai
1139,Sekar
1140,Hridoy
1141,Ravikanth
1142,BadiuzZaman
1143,Pritom
1144,Devaa
1145,Priyankan
1146,Utpal
1147,Satpati
1148,Dipendu
1149,Lijeesh
1150,Lucky
1151,Bardhan
1152,Emran
1153,Shovan
1154,Sudeva
1155,Phanish
1156,Vaybhav
1157,Walid
1158,Avidan
1159,Nayon
1160,Pavan
1161,Pranit
1162,Iyush
1163,Dilip
1164,Kaushik
1165,Debratan
1166,Ramya
1167,Rabeen
1168,Mandip
1169,Abhoy
1170,Pratim
1171,Indra
1172,Rishaan
1173,Moralidhar
1174,Mushu
1175,Sanjit
1176,Bibekanand
1177,Parasuram
1178,Gian
1179,Soumit
1180,Ovijit
1181,Sharjil
1182,Diganto
1183,Bihuram
1184,Ridip
1185,Prodyut
1186,Taneesh
1187,Mohan
1188,Raynaak
1189,Perumaan
1190,Jidan
1191,Kandarie
1192,Sreyan
1193,Slock
1194,Mriganka
1195,Ismail
1196,Sumid
1197,Manmohan
1198,Proshonjit
1199,Arnab
1200,Armeen
1201,Prabuddha
1202,Nitya
1203,Sounik
1204,Digambar
1205,Omitabho
1206,Puneeth
1207,Ravinder
1208,Garg
1209,Rahan
1210,Saswato
1211,Ushakanth
1212,Devan
1213,Namrit
1214,Kumbh
1215,Diptash
1216,Bheem
1217,Rafiza
1218,Veera
1219,Ramim
1220,Tulip
1221,Ovi
1222,Chaaruchandra
1223,Ujjwal
1224,Sovan
1225,Vishvahetu
1226,Addrish
1227,Parakh
1228,Pramit
1229,Dharanidhar
1230,Karnav
1231,Nigam
1232,Sajit
1233,Sayed
1234,Prujvall
1235,Balaraj
1236,Kanchan
1237,Amrito
1238,Dibyendu
1239,Adrik
1240,Ramu
1241,Apratim
1242,Swabhu
1243,Vighnaraja
1244,Ashwanth
1245,Chandru
1246,Rusheek
1247,Janamejay
1248,Devdoot
1249,Navneet
1250,Praneet
1251,Priyajit
1252,Kashi
1253,Samiron
1254,Krihans
1255,Azmain
1256,Sagnick
1257,Malav
1258,Nanda
1259,Ahillan
1260,Naimuddin
1261,Hary
1262,Tulsy
1263,Rabith
1264,Sameen
1265,Vitola
1266,Paritosh
1267,Adnan
1268,Arikit
1269,Dharmachandra
1270,Anibrata
1271,Deevyam
1272,Sadhil
1273,Pinak
1274,Sauvik
1275,Binay
1276,Vivek
1277,Kinshuk
1278,Karttik
1279,Uttam
1280,Anukul
1281,Ahad
1282,Jagadeep
1283,Nivaan
1284,Sazed
1285,Pritthish
1286,Tonmay
1287,Japesh
1288,Siban
1289,Sattwik
1290,Reth
1291,Rajnil
1292,Nisit
1293,Nischay
1294,Pal
1295,Tony
1296,Obalesh
1297,Manavotham
1298,Tejosh
1299,Rajanikanta
1300,Adhik
1301,Maheshwaram
1302,Shaown
1303,Lakshmikant
1304,Shakeel
1305,Maladhar
1306,Aaryan
1307,Nadin
1308,Brojo
1309,Som
1310,Dhwani
1311,Raheel
1312,Shibdas
1313,Vishwadev
1314,Vedarsh
1315,Jivangsh
1316,Ritayan
1317,Sorosh
1318,Avijeet
1319,Adham
1320,Prannoy
1321,Dheeman
1322,Ayaan
1323,Monjur
1324,Mahanidhi
1325,Ritik
1326,Kysar
1327,Satik
1328,Vijayendra
1329,Surya
1330,Tarique
1331,Bubun
1332,Robiul
1333,Saibal
1334,Taimur
1335,Biswojit
1336,Debanshu
1337,Asmith
1338,Satwik
1339,Pachaimuthu
1340,Martin
1341,Ramen
1342,Dhyaneshwar
1343,Kalam
1344,Purshotham
1345,Bisikesana
1346,Sandeep
1347,Krish
1348,Vidal
1349,Ravikumar
1350,Khushiram
1351,Sajim
1352,Balbant
1353,Riad
1354,Gambheer
1355,Dhun
1356,Yashaswi
1357,Herambwa
1358,Nandesh
1359,Subho
1360,Swapan
1361,Devadeva
1362,Mandhata
1363,Debidatta
1364,Debaloy
1365,Tilok
1366,Chandrabhan
1367,Ratam
1368,Yadav
1369,Madhava
1370,Devyansh
1371,Shaurav
1372,Samiul
1373,Hadis
1374,Sourik
1375,Fani
1376,Sudeep
1377,Nisikanta
1378,Rudranil
1379,Swarit
1380,Gauraw
1381,Masrif
1382,Atithi
1383,Sudir
1384,Sampad
1385,Dhirendro
1386,Asir
1387,Daivya
1388,Himadri
1389,Avaneet
1390,Harinaath
1391,Bishes
1392,Rohal
1393,Alekh
1394,Oppilan
1395,Rivan
1396,Maidul
1397,Rasool
1398,Skanda
1399,Jagatprakash
1400,Pranasis
1401,Bishwaji
1402,Vimol
1403,Shatish
1404,Monindra
1405,Minaj
1406,Partab
1407,Praosanjit
1408,Abhajit
1409,Joyjit
1410,Ranajoy
1411,Evan
1412,Farib
1413,Sukalp
1414,Ritupon
1415,Debkant
1416,Baladhitya
1417,Ibhya
1418,Swayam
1419,Debnath
1420,Nibir
1421,Hemraj
1422,Sabbir
1423,Auritro
1424,Rajan
1425,Balraj
1426,Yogen
1427,Galib
1428,Antish
1429,Athrav
1430,Naleen
1431,Preetum
1432,Kanish
1433,Sayf
1434,Afroz
1435,Prashan
1436,Deep
1437,Miah
1438,Vasuki
1439,Aryaraj
1440,Debidas
1441,Mahanth
1442,Jagdeep
1443,Aghat
1444,Benoybhusan
1445,Rayn
1446,Muqtadir
1447,Pushp
1448,Masroor
1449,Ilesh
1450,Manov
1451,Prabhas
1452,Doyel
1453,RajaPandian
1454,Devang
1455,Amol
1456,Mahaj
1457,Debjit
1458,Kanav
1459,Pijush
1460,Tarif
1461,Velan
1462,Shibaji
1463,Mohitosh
1464,Ranjit
1465,Soudip
1466,Neelesh
1467,Nirat
1468,Mohadev
1469,Aiyaan
1470,Aharshi
1471,Rudaransh
1472,Sanka
1473,Rithik
1474,Rheedhum
1475,Indukant
1476,Rupal
1477,Debadatta
1478,Tanim
1479,Rokibul
1480,Koustab
1481,Chandraditya
1482,Ekambar
1483,Paratpara
1484,Tamal
1485,Vijan
1486,Kulik
1487,Asok
1488,Tanoy
1489,Joyprakash
1490,Ramesh
1491,Antesh
1492,Sanjeb
1493,Santano
1494,Ujaan
1495,Tarachandra
1496,Nutan
1497,Aneek
1498,Vilas
1499,Deewan
1500,Kunal
1501,Reyansh
1502,Harmendra
1503,Sadid
1504,Jothirmoy
1505,Bankim
1506,Soumil
1507,Rangan
1508,Tiger
1509,Ritam
1510,Dasarathi
1511,Bishakh
1512,Jeeval
1513,Zitu
1514,Suta
1515,Sarjul
1516,Ushan
1517,Priyank
1518,Ghanashyam
1519,Manhar
1520,Rajender
1521,Nridev
1522,Shelly
1523,Shan
1524,Subhan
1525,Yaduraj
1526,Sajal
1527,Abhilash
1528,Kanan
1529,Aavan
1530,Bhagyajit
1531,Keilash
1532,Krishnadhan
1533,Dhanesh
1534,Soumak
1535,Safi
1536,Megha
1537,Guru
1538,Dipedra
1539,Debaneel
1540,Kshitidhar
1541,Trijosh
1542,Debobrato
1543,Visvesh
1544,Adif
1545,Patag
1546,Rankit
1547,Jogesh
1548,Pramod
1549,Abhitaj
1550,Madhvendra
1551,Kandan
1552,Seya
1553,Abhiroop
1554,Birendra
1555,Zabed
1556,Biswo
1557,Dinabandhu
1558,Mounik
1559,Rajdeep
1560,Mitin
1561,Champavati
1562,Lalchand
1563,Debargho
1564,Anand
1565,Rajeen
1566,Hitendra
1567,Vishwajeet
1568,Vishwajit
1569,Dhanraj
1570,Barin
1571,Noton
1572,Prosanjeet
1573,Devanesan
1574,Praloy
1575,Debodrita
1576,Debarghaya
1577,Padmaj
1578,Vairamuthu
1579,Gourishankar
1580,Anirudha
1581,Fahad
1582,Devavrata
1583,Jony
1584,Saraj
1585,Meghan
1586,Varoun
1587,Hrudaya
1588,Viksar
1589,Sivom
1590,Dayaram
1591,Aashish
1592,Amitava
1593,Rajun
1594,Aradhak
1595,Visvajit
1596,Adrij
1597,Rupam
1598,Alpesh
1599,Hiyaan
1600,Jahan
1601,Mitaksh
1602,Kalim
1603,Prithwi
1604,Riyad
1605,Mayank
1606,Saimon
1607,Bhubesh
1608,Aditeya
1609,Dayalu
1610,Shaon
1611,Khelan
1612,Umesh
1613,Aniv
1614,Ranbijay
1615,Krisnendu
1616,Har
1617,Rupak
1618,Sonak
1619,Sourab
1620,Ambikesh
1621,Gunanidhi
1622,Jahed
1623,Pabok
1624,Jansu
1625,Kulodip
1626,Minar
1627,Sasvata
1628,Shatesh
1629,Leekhit
1630,Nedumaan
1631,Keshab
1632,Shabin
1633,Elavarasan
1634,Bhargva
1635,Karunanidhan
1636,Asim
1637,Sarveen
1638,Sarwesh
1639,Senajit
1640,Naksha
1641,Munindra
1642,Manomoy
1643,Sriyon
1644,Biswamitra
1645,Chandranil
1646,Murugan
1647,Damian
1648,Nachiketa
1649,Venimadhav
1650,Aayaan
1651,Kanaram
1652,Apoorva
1653,Rupok
1654,Javan
1655,Haridhan
1656,Bhuvanpati
1657,Wafi
1658,Azar
1659,Rono
1660,Saurav
1661,Vyomang
1662,Arhant
1663,Barnak
1664,Turjo
1665,Bhadrang
1666,Manonith
1667,Zico
1668,Bidyot
1669,Krishna
1670,Akshaya
1671,Priom
1672,Rutwik
1673,Azwad
1674,Jayendra
1675,Maruf
1676,Bikash
1677,Alamin
1678,Vrajesh
1679,Dev-rudran
1680,Aadrij
1681,Rishita
1682,Nondon
1683,Advait
1684,Srinu
1685,Abhira
1686,Toufik
1687,Aarav
1688,Parthib
1689,Gajendra
1690,Parthiv
1691,Sharat
1692,Avinash
1693,Pushkar
1694,Proshanto
1695,Nuthan
1696,Bhagyadhar
1697,Zawad
1698,Udaybhan
1699,Otsinto
1700,Jayanand
1701,Pramsu
1702,Rewan
1703,Monoj
1704,Sattar
1705,Aadvik
1706,Dibyadyuti
1707,Binoba
1708,Oscar
1709,Annottam
1710,Mohamed
1711,Charlie
1712,Kalpak
1713,Sanjib
1714,Monowar
1715,Jihad
1716,Agneya
1717,Bappa
1718,Promod
1719,Himangshu
1720,Khushnaseeb
1721,Dwarka-Nath
1722,Ashman
1723,Prassanta
1724,Musafir
1725,Yoganand
1726,Bhojraj
1727,Yajwin
1728,Soukat
1729,Mangesh
1730,Dineswar
1731,Probhakor
1732,Nazir
1733,Raae
1734,Nagaraj
1735,Rudra
1736,Gadhar
1737,Natesh
1738,Posanto
1739,Mitu
1740,Ekayavan
1741,Mohir
1742,NandNandan
1743,Pradip
1744,Hritabrata
1745,Biharilal
1746,Mahzuz
1747,Patanjali
1748,Jagadish
1749,Madhup
1750,Lohitha
1751,Nissim
1752,Dharmi
1753,Shakib
1754,Dayamay
1755,Ved
1756,Khyatish
1757,Nitish
1758,Dharmanand
1759,Srijay
1760,Shalom
1761,Dishan
1762,Darsan
1763,Prantosh
1764,Bahar
1765,Saumen
1766,Bibhuta
1767,Ashish
1768,Phaninath
1769,Vedmohan
1770,Kirin
1771,Bipro
1772,Nrishingha
1773,Riyom
1774,Charuvardhana
1775,Aneal
1776,Hritesh
1777,Benu
1778,Sorya
1779,Denes
1780,Devdulal
1781,Kuvar
1782,Ananta
1783,Risabh
1784,Sunil
1785,Yagnakaya
1786,Shehjad
1787,Rahman
1788,Amiya
1789,Shadat
1790,Bhubnesh
1791,Nabodit
1792,Prottoy
1793,Hridaya
1794,Prithvijit
1795,Barnav
1796,Hridayanshu
1797,Manabendra
1798,Pritish
1799,Arinjoy
1800,Vedaant
1801,Hridayanand
1802,Souniv
1803,Gulsan
1804,Viamrsh
1805,Sattvik
1806,Gajavakra
1807,Pradipto
1808,Timiranshu
1809,Bapi
1810,Talha
1811,Mukulesh
1812,Bhoopendra
1813,Isaiarasu
1814,Bansy
1815,Ayyash
1816,Dian
1817,Biddut
1818,Priyotosh
1819,Reihan
1820,Milan
1821,Rabiram
1822,Nill
1823,Rahnuma
1824,Joywanta
1825,Bisweswar
1826,Prayag
1827,Tara
1828,Indrasish
1829,Sharu
1830,Sankha
1831,Mahibul
1832,Saubhik
1833,Ishtiaq
1834,Mashook
1835,Mahian
1836,Mahiteja
1837,Mafijuddin
1838,Durmada
1839,Santana
1840,Manvit
1841,RaviShankar
1842,Pareshnath
1843,Barnabh
1844,Tapabrata
1845,Vibhusnu
1846,Sahev
1847,Devilal
1848,Vaydeesh
1849,Solok
1850,Mehtab
1851,Biswajit
1852,Arghayan
1853,Padm
1854,Sawraj
1855,Utkarsha
1856,Vignaharta
1857,Vatsa
1858,Kowsiq
1859,Ujwal
1860,Aintik
1861,Aayudh
1862,Aadin
1863,Jiteish
1864,Bishun
1865,Sanam
1866,Swami
1867,Devaansh
1868,Debshankar
1869,Dayakar
1870,Barnab
1871,Bidhan
1872,Gangeya
1873,Suboth
1874,Chaitan
1875,Sohn
1876,Aavik
1877,Balfour
1878,Mahfuz
1879,Sheil
1880,Manmoy
1881,Chandradev
1882,Avidip
1883,Maeen
1884,Gunayukth
1885,Vaasu
1886,Prem
1887,Rishiv
1888,Logar
1889,Nishikant
1890,Nillohit
1891,Prajat
1892,Agasthya
1893,Udayshankar
1894,Saranan
1895,Tathagato
1896,Debandra
1897,Shamol
1898,Avnish
1899,Debshlok
1900,Adil
1901,Suklab
1902,Bikhyat
1903,Mihan
1904,Soumay
1905,Neil
1906,Sidhu
1907,Naksh
1908,Yudhisthir
1909,Dhruva
1910,Sanmay
1911,Achinta
1912,Kayvalya
1913,Shivek
1914,Rahat
1915,Harit
1916,Hiren
1917,Deveedaas
1918,Tarasankar
1919,Rabiul
1920,Avian
1921,Vairaj
1922,Toyesh
1923,Dipanjan
1924,Samajit
1925,Dakshi
1926,Ripu
1927,Firoz
1928,Kana
1929,Dilljaan
1930,Zahed
1931,Bilash
1932,Kishalay
1933,Murad
1934,Gaurav
1935,Braj
1936,Subal
1937,Laniban
1938,Promotha
1939,Suhas
1940,Rupeswer
1941,Andalib
1942,Ronojit
1943,Manotosh
1944,Biman
1945,Sehjad
1946,Manasij
1947,Nahiyan
1948,Susen
1949,Shahil
1950,Noman
1951,Ghanasham
1952,Kotesh
1953,Dipchand
1954,Tunir
1955,Jivan
1956,Debakar
1957,Nitiesh
1958,Risha
1959,Sudeb
1960,Kandarpa
1961,Dehabhuj
1962,Depen
1963,Bandan
1964,Bibhas
1965,Sajib
1966,Pulok
1967,Jevan
1968,Tanuj
1969,Jagger
1970,Ayog
1971,Trideep
1972,Sagar
1973,Arbindo
1974,Gaurang
1975,Hakim
1976,Padminish
1977,Sawan
1978,Nuzhat
1979,Ashrith
1980,Karna
1981,Avadhesh
1982,Dinar
1983,Nilsagar
1984,Mark
1985,Jinku
1986,Shivu
1987,Debankan
1988,Tanwesh
1989,Tarapada
1990,Sartik
1991,Dushyanta
1992,Prokas
1993,Suphal
1994,Dishen
1995,Samraat
1996,Ishan
1997,Arthin
1998,Savar
1999,Atmanan
2000,Shivom
2001,Runit
2002,Nazmul
2003,Daakshit
2004,Dayasankar
2005,Devajuta
2006,Tamajit
2007,Shiwin
2008,Shri
2009,Kirtikumar
2010,Ashif
2011,Deepith
2012,Sudham
2013,DinoBandhu
2014,Ethan
2015,Muntaqim
2016,Brundaban
2017,Mrityunjoy
2018,Aalok
2019,Haridutt
2020,Radib
2021,Jaskaran
2022,Ahnan
2023,Raghumoni
2024,Reeyansh
2025,Ayan
2026,Manjul
2027,Parmananda
2028,Asmit
2029,Brahmabrata
2030,Qurashim
2031,Roshan
2032,Kousik
2033,Chunmay
2034,Uddalak
2035,Devansh
2036,Parasmani
2037,Chandu
2038,Yashwin
2039,Nafees
2040,Abdulla
2041,Adrish
2042,Nehal
2043,Rocky
2044,Nisan
2045,Gannaath
2046,Gorav
2047,Kalapriya
2048,Parnob
2049,Sudin
2050,Goutom
2051,Hirendra
2052,Pascal
2053,Sankul
2054,Sekhar
2055,Vikramin
2056,Tula
2057,Aavyan
2058,Govardhan
2059,Kavi
2060,Tashid
2061,Vinoba
2062,Atif
2063,Dwarkadhish
2064,Upayan
2065,Shudho
2066,Adway
2067,Yasti
2068,Joni
2069,Dhilan
2070,Shuvo
2071,Bishan
2072,Mayukh
2073,Rajdwip
2074,Rehaan
2075,Atharv
2076,Vasanth
2077,Dalapathi
2078,Abha
2079,Aarhan
2080,Madhumoy
2081,Ganpati
2082,Rakibul
2083,Manodip
2084,Udaya
2085,Panna
2086,Hara
2087,Virurch
2088,Hrishab
2089,Premanand
2090,Azad
2091,Omio
2092,Arfan
2093,Rihan
2094,Naya
2095,Tehan
2096,Aadijoy
2097,Maandhata
2098,Divyaanshu
2099,Namasya
2100,Anubis
2101,Sandhi
2102,Bhanuprasad
2103,Pritam
2104,ChandraKishore
2105,Sonik
2106,Ayus
2107,Jhintu
2108,Lalit
2109,Kamalanayan
2110,Jishnu
2111,Gotham
2112,Mahiyan
2113,Rahi
2114,Said
2115,Priam
2116,Ronok
2117,Vanij
2118,Saeed
2119,Vaskar
2120,Shosti
2121,Dhanjit
2122,Naik
2123,Mintu
2124,Iyaas
2125,Biswambhar
2126,Kripasindhu
2127,Madhukar
2128,Sahab
2129,Milind
2130,Rajendra
2131,Ijan
2132,Aaradhak
2133,Menachem
2134,Aitijo
2135,Payod
2136,Gagandeep
2137,Nitu
2138,Jivaj
2139,Bhubaneswar
2140,Sayonno
2141,Saadvik
2142,Dewakar
2143,Hamim
2144,Utpall
2145,Devranjan
2146,Bhoorishav
2147,Jyotirindra
2148,Tonni
2149,Debapriya
2150,Farhad
2151,Rudresh
2152,Ruslan
2153,Mukund
2154,Agradeep
2155,Chetananand
2156,Sailaj
2157,Milaan
2158,Kamik
2159,Ishwor
2160,Arkadip
2161,Malaravan
2162,Janakidas
2163,Taposh
2164,Maagh
2165,Srayan
2166,Devdarsh
2167,Tishan
2168,Araneri
2169,Bhabtosh
2170,Souris
2171,Sasanka
2172,Arhit
2173,Aswin
2174,Arojit
2175,Sujeet
2176,Inder
2177,Suhaan
2178,Shai
2179,Chaman
2180,Vansh
2181,Satyen
2182,Aarjya
2183,Suprio
2184,Aahlaad
2185,Prasun
2186,Rana
2187,Zakir
2188,Jisan
2189,Arghadip
2190,Dipjit
2191,Anuj
2192,Kritarth
2193,Hukum
2194,Bhavani
2195,Karun
2196,Rojoni
2197,Rudradeep
2198,Star
2199,Amrutha
2200,Prajalit
2201,Gold
2202,Trumbak
2203,Divyanshu
2204,Bhaskar
2205,Naushad
2206,Soukit
2207,Kunjon
2208,Aiman
2209,Dilzer
2210,Sadchit
2211,Anvik
2212,Saketh
2213,Dishaan
2214,Chaten
2215,Naman
2216,Rohit
2217,Tanumay
2218,Manou
2219,Ajitabh
2220,Debottam
2221,Raghubir
2222,Jayanta
2223,Chinmayu
2224,Abrar
2225,Siyam
2226,Vishram
2227,Ashik
2228,Kailashnath
2229,Jibanmoy
2230,Veeraj
2231,Suhrid
2232,Basu
2233,Baru
2234,Ardhi
2235,Ganendra
2236,Nitin
2237,Viranth
2238,Chhailbehari
2239,Nandan
2240,Rithva
2241,Vandeet
2242,Kishanu
2243,Piyush
2244,Alokendu
2245,Nabonil
2246,Kuldev
2247,Indubhushan
2248,Ahindra
2249,Asif
2250,Prashid
2251,Agantuk
2252,Tulshi
2253,Sibash
2254,Saugata
2255,Shahbur
2256,Sovraj
2257,Vallabh
2258,Gurnam
2259,Samad
2260,Asirbad
2261,Afridi
2262,Ijay
2263,Biswadeb
2264,Gajbahu
2265,Debendranath
2266,Ojjal
2267,Badij
2268,Sujon
2269,Nadish
2270,Rounak
2271,Debjyoti
2272,Ekadanta
2273,Mati
2274,Keshva
2275,Amon
2276,Nabadeep
2277,Aadrit
2278,Rikin
2279,Manob
2280,Ritraj
2281,Prayan
2282,Mridul
2283,Prosenjit
2284,Gorang
2285,Achyuth
2286,Mahir
2287,Taouf
2288,Ashvath
2289,Shusil
2290,Vedivelu
2291,Suhad
2292,Ranbir
2293,Kaunish
2294,Tandeep
2295,Nimit
2296,Hiranya
2297,Asheesh
2298,Rhudai
2299,Chandragupt
2300,Subha
2301,Avatar
2302,Bibhabasu
2303,Jahar
2304,Naaksh
2305,Jaganarayan
2306,Meran
2307,Kailash
2308,Naitosh
2309,Dhrubo
2310,Pavel
2311,Sathish
2312,Jafor
2313,Roopendra
2314,Manuj
2315,Sagnik
2316,Rangalal
2317,Prabeen
2318,Roja
2319,Jyotirmay
2320,Jatya
2321,Nazib
2322,Ariyaan
2323,Akshay
2324,Raghu
2325,Vasant
2326,Sohail
2327,Nowfal
2328,Debagni
2329,Nithin
2330,Indroneel
2331,Navtesh
2332,Binoy
2333,Palanisami
2334,Hiten
2335,Sahir
2336,Indrayan
2337,Hamza
2338,Basanto
2339,Ramakrishna
2340,Asuman
2341,Falguny
2342,Mono
2343,Manikkam
2344,Swarn
2345,Bablu
2346,Vipul
2347,Jyotiranjan
2348,Monish
2349,Ehan
2350,Purushottam
2351,Jahi
2352,Mukunda
2353,Gunnath
2354,Gyandeep
2355,Protick
2356,Mehebub
2357,Japan
2358,Prohlad
2359,Nandit
2360,Vishwanath
2361,Kajal
2362,Udyan
2363,Digbijaya
2364,Mithu
2365,Vishaalaaksh
2366,Oishik
2367,Nabakumar
2368,Thiru
2369,Ronak
2370,Bicky
2371,Rashmi
2372,Shahana
2373,Depanjan
2374,Biswabasu
2375,Bisojit
2376,Sritom
2377,Zonai
2378,Dipok
2379,Khagesh
2380,Lokanetra
2381,Rangandeep
2382,Saion
2383,Arnav
2384,Bipra
2385,Mithun
2386,Amit
2387,Kirtiman
2388,Tirthayad
2389,Chironjit
2390,Rishabh
2391,Vaibav
2392,Barun
2393,Sunon
2394,Sriyan
2395,Somdev
2396,Trianshu
2397,Saumit
2398,Avadh
2399,Tushaar
2400,Hossain
2401,Mamun
2402,Shubho
2403,Nir
2404,Hrid
2405,Rakibur
2406,Shumon
2407,Manabesh
2408,Dhwanit
2409,Rohin
2410,Priyom
2411,Samiran
2412,Shifat
2413,Navroz
2414,Risav
2415,Manmath
2416,Shahir
2417,Ilancheliyan
2418,Probhat
2419,Sib
2420,Dobir
2421,Eahsan
2422,Shaajib
2423,Purba
2424,Hridayesh
2425,Devguru
2426,Debobrota
2427,Jaykishan
2428,Souran
2429,Anannya
2430,Nandakishor
2431,Makhesh
2432,Bhoothanathan
2433,Avani
2434,Gunwant
2435,Phelan
2436,Biprodeep
2437,Alan
2438,Bhagirath
2439,Sannik
2440,Vimalesh
2441,Mashud
2442,Gaveshan
2443,Sravan
2444,Anamul
2445,Firojul
2446,Rahit
2447,Baudha
2448,Hafiz
2449,Litan
2450,Sahityo
2451,Arunava
2452,Dabbu
2453,Khrisalaya
2454,Gowshik
2455,Boken
2456,Arkya
2457,Diyan
2458,Ramnath
2459,Kalayani
2460,Dipto
2461,Tirumula
2462,Hanuman
2463,Prosanjit
2464,Kamalkant
2465,Antu
2466,Ripon
2467,Kanak
2468,Maheshwar
2469,Budheswar
2470,Vipan
2471,Wazed
2472,Shajib
2473,Harry
2474,Jahangir
2475,Abhijeet
2476,Jashwik
2477,Noam
2478,Trishulank
2479,Zohan
2480,Ilashpasti
2481,Kallol
2482,Mitesh
2483,Adittya
2484,Shohan
2485,Manikant
2486,Ishita
2487,Dulal
2488,Ziyaad
2489,Subit
2490,Sanmoy
2491,Mahbub
2492,Rajit
2493,Nirmol
2494,Sadvik
2495,Abram
2496,Abhay
2497,Bhulu
2498,Yuyutsu
2499,Aahil
2500,Bimanesh
2501,Shom
2502,Boloram
2503,Pragay
2504,Omeshwar
2505,Acharya
2506,Netrananda
2507,Trisanjit
2508,Arifin
2509,Unnat
2510,Somrup
2511,Hrishitaa
2512,Arka
2513,Roshmith
2514,Haradhan
2515,Moloy
2516,Bishworanjan
2517,Megh-Naad
2518,Agnish
2519,Shaad
2520,Vakrabhuj
2521,Nilnov
2522,Bibhavasu
2523,Vishalaksh
2524,Abanish
2525,Rambilas
2526,Hrithick
2527,Pratiti
2528,Dhritiman
2529,Ameer
2530,Utsab
2531,Ronin
2532,Vedanta
2533,Devadyumna
2534,Thavan
2535,Premo
2536,Srihan
2537,Muneendra
2538,Indradhanu
2539,Sajidur
2540,Kalanath
2541,Aadhyatm
2542,Nirmalendu
2543,Vishvaketu
2544,Najrul
2545,Purnam
2546,Shivaa
2547,Rantu
2548,Shavac
2549,Subhag
2550,Babiyah
2551,Aritro
2552,Nizvaan
2553,Nayef
2554,Ajendra
2555,Dakshith
2556,Aranya
2557,Sibesh
2558,Almas
2559,Gul
2560,Ritanshu
2561,Ripunjoy
2562,Karthick
2563,Balveer
2564,Togor
2565,Shayak
2566,Shagar
2567,Ankiit
2568,Kisalay
2569,Matsendra
2570,Debdip
2571,Pau
2572,Rusank
2573,Avikam
2574,Dasharathi
2575,Vinoy
2576,Toyash
2577,Ekapad
2578,Meraj
2579,Hiranmay
2580,Subith
2581,Panchanan
2582,Jaysurya
2583,Sobuj
2584,Juwel
2585,Krittik
2586,Devarsh
2587,Omi
2588,Devnandan
2589,Khitish
2590,Dharmesh
2591,Rafiq
2592,Milap
2593,Jayanka
2594,Laghun
2595,Prabina
2596,Arij
2597,Suresh
2598,Lakhydeep
2599,Nur
2600,Prachetas
2601,Wassiq
2602,Abhayam
2603,Tusher
2604,Shakil
2605,Aarish
2606,Paramdeep
2607,Shazzad
2608,Vasumitr
2609,Debjoy
2610,Debarata
2611,Atim
2612,Deven
2613,Probodh
2614,Srijoy
2615,Pranal
2616,Sasmit
2617,Bidyaraj
2618,Saksham
2619,Nir-Dhar
2620,Devdutt
2621,Drishyan
2622,Gauransh
2623,Meherab
2624,Diptanjan
2625,Anubhab
2626,Samsul
2627,Udayagiri
2628,Bhavanand
2629,Balendranath
2630,Kayval
2631,Sutej
2632,Nawshad
2633,Shagnik
2634,JyothiKiran
2635,Prattush
2636,Ketu
2637,Avik
2638,Kamban
2639,Lakshya
2640,Shafat
2641,Chandan
2642,Bibhore
2643,Rumman
2644,Mahaakshay
2645,Dipom
2646,Navin
2647,Tanjeem
2648,Vishnu
2649,Nakul
2650,Younus
2651,Risad
2652,Balwant
2653,Dhaval
2654,Rayirth
2655,Ustad
2656,Chandrachur
2657,Rishi
2658,Shammya
2659,Udhab
2660,Akshobya
2661,Tuhina
2662,Raiq
2663,Aabhya
2664,Ratannabha
2665,Nabajyoti
2666,Dip
2667,Nahyan
2668,Pranab
2669,Jagath
2670,Kalya
2671,Dwaraka
2672,Bhabajit
2673,Rajen
2674,Dhaneshwar
2675,Sachida
2676,Abhinab
2677,Bhaskor
2678,Sunoy
2679,Rubin
2680,Nishit
2681,Sawon
2682,Vrisini
2683,Bidon
2684,Vaman
2685,Divyendu
2686,Pandurang
2687,Tirthes
2688,Ramcharan
2689,Chandranan
2690,Naruttam
2691,Adikesh
2692,Sizaan
2693,Ganesh
2694,Orlando
2695,Prashanth
2696,Sanav
2697,Dipon
2698,Nilav
2699,Kaviraj
2700,Bhabaniprasad
2701,Jadabray
2702,Khan
2703,Shimu
2704,Siyon
2705,Srivar
2706,Royal
2707,Pranet
2708,Antara
2709,Shamal
2710,Vishwaraja
2711,Vijay
2712,Bishwadeep
2713,Punya
2714,Damon
2715,Jagdish
2716,Prattay
2717,Naru
2718,Rasuraj
2719,Dron
2720,Kushal
2721,Veran
2722,Premansh
2723,Adi
2724,Bargav
2725,Chandraketu
2726,Nasim
2727,Bittu
2728,Indrashis
2729,Deependra
2730,Kumardeep
2731,Hansaraj
2732,Bansidhar
2733,Khusbant
2734,Sajjad
2735,Arghajit
2736,Sonjoy
2737,Omraj
2738,Naaraayan
2739,Anmay
2740,Shadhin
2741,Syam
2742,Jivon
2743,Maadhurya
2744,Faalgun
2745,Udyam
2746,Kalyan
2747,Rafiqul
2748,Aritra
2749,Birju
2750,Deboprasad
2751,Govinda
2752,Rashidul
2753,Trigya
2754,Paresh
2755,Santam
2756,Kavel
2757,Ritesh
2758,Shibli
2759,Zubaer
2760,Manab
2761,Chetan
2762,Anas
2763,Bibash
2764,Suri
2765,Brajamohan
2766,Abul
2767,Soumyo
2768,Gangapada
2769,Mishal
2770,Hurditya
2771,Rudres
2772,Nihash
2773,Bankimchandra
2774,Janya
2775,Chittaranjan
2776,Syama
2777,Anisa
2778,Dipayan
2779,Ritojit
2780,Gobindachandra
2781,Deeptendu
2782,Biswarup
2783,Vinesh
2784,Atishay
2785,Byoma
2786,Nannan
2787,Ankuran
2788,James
2789,Nadeem
2790,Vida
2791,Vastav
2792,Pundalik
2793,Kabilesh
2794,Akshya
2795,Kaisar
2796,Prabesh
2797,Tufan
2798,Basudev
2799,Vendan
2800,Dibyajit
2801,Kartik
2802,Mahendranath
2803,Mokundra
2804,Dileep
2805,Goutham
2806,Vikramajit
2807,Sharmin
2808,Azhar
2809,Rituparno
2810,Nakshatra
2811,Madan
2812,Tejas
2813,Indranil
2814,Rajgopalan
2815,Abdhulla
2816,Uma
2817,Sher
2818,Raja
2819,Varidhvaran
2820,Deepesh
2821,Tirtha
2822,Rabisankar
2823,Sundar
2824,Zaver
2825,Aaditya
2826,Svamin
2827,Himesh
2828,Jotish
2829,Amin
2830,Kapindra
2831,Manu
2832,Dhaneswar
2833,Pratyosh
2834,Aastha
2835,Suneel
2836,Saayan
2837,Nuruzzaman
2838,Mahender
2839,Bipresh
2840,Anookul
2841,Bhanumik
2842,Shafin
2843,Debsena
2844,Bhuvan
2845,Charandas
2846,Priyadarshi
2847,Himanshu
2848,Radheshyam
2849,Shona
2850,Rishit
2851,Rajshekhar
2852,Durgesh
2853,Bhuban
2854,Rupesh
2855,Rachit
2856,Prabhu
2857,Chandavarman
2858,Bishwaroop
2859,Roy
2860,Balachandar
2861,Debkumar
2862,Dwirup
2863,Urvil
2864,Sraban
2865,Dipanker
2866,Gopikanta
2867,Sateesh
2868,Monu
2869,Brijraj
2870,Umesha
2871,Shafqat
2872,Riyaz
2873,Jayad
2874,Sachh
2875,Mijanur
2876,Raghava
2877,Aarul
2878,Ranit
2879,Anikit
2880,Ritobroto
2881,Joyram
2882,Pranto
2883,Purnasish
2884,Nitesh
2885,Biswnath
2886,Vrishabh
2887,Moni
2888,Wasi
2889,Muneet
2890,Adib
2891,Ajad
2892,Mrityunjay
2893,Paramjeet
2894,Ramkrishna
2895,Gurudas
2896,Snehal
2897,Krushal
2898,Subham
2899,Upendranath
2900,Baidyanath
2901,Basil
2902,Yasha
2903,Mukundhan
2904,Parvaz
2905,Charuchandra
2906,Prasanjit
2907,Debasmit
2908,Amitoj
2909,Hrideynshu
2910,Hasan
2911,Manojit
2912,Debdulal
2913,Sanjoy
2914,Monotosh
2915,Vineesh
2916,Chiklu
2917,Probir
2918,Sanmit
2919,Devkumar
2920,Prasath
2921,Maulindu
2922,Prabindra
2923,Anam
2924,Sourbh
2925,Sanabhi
2926,Rudayesh
2927,Hiyan
2928,Chondon
2929,Tariq
2930,Chirodeep
2931,Rupantar
2932,Shankar
2933,Tarunjay
2934,Dharesh
2935,Sunnya
2936,Ritwik
2937,Kishan
2938,Sima
2939,Ranodeep
2940,Akil
2941,Parvez
2942,Srizon
2943,Partap
2944,Nakkeeran
2945,Prohor
2946,Rudraksha
2947,Gaurinath
2948,Kishalaya
2949,Noor
2950,Mahmud
2951,Shaukat
2952,Nadeen
2953,Amitab
2954,Sarwar
2955,Udoy
2956,Jiwan
2957,Muralidhar
2958,Ati
2959,Ekaant
2960,Bhudeb
2961,Jitu
2962,Bhutnath
2963,Vegin
2964,Sudam
2965,Aans
2966,Biddu
2967,Bishajite
2968,Bijaya
2969,Ramakant
2970,Madhughosh
2971,Nirbhay
2972,Pathak
2973,Rashed
2974,Afran
2975,Dibash
2976,Alokesh
2977,Suhel
2978,Jaydan
2979,Sanjeev
2980,Junaid
2981,Bilu
2982,Agniswar
2983,Muthuram
2984,Ramash
2985,Vibhu
2986,Praneel
2987,Sanjiba
2988,Isha
2989,Agniva
2990,Mousam
2991,Elilendhi
2992,Nihan
2993,Samit
2994,Dabashish
2995,Upendra
2996,Kritick
2997,Sifat
2998,Pronobesh
2999,Orup
3000,Bappi
3001,Devjit
3002,Chirag
3003,Manohar
3004,Prithijit
3005,Birojit
3006,Aharsi
3007,Taranga
3008,Roneet
3009,Amir
3010,Vyom
3011,Raz
3012,Muktananda
3013,Zuhair
3014,Aviroop
3015,Miraz
3016,Maharsi
3017,Madhusudan
3018,Pratyush
3019,Ashit
3020,Rajas
3021,Hitu
3022,Adiran
3023,Jalal
3024,Arindol
3025,Baikuntha
3026,Roni
3027,Rudro
3028,Jyotish
3029,Uthaman
3030,Jagjeevan
3031,Ravi
3032,Vidyavaridhi
3033,Jakarious
3034,Aditi
3035,Devrupam
3036,Srehan
3037,Ramona
3038,Borak
3039,Ansu
3040,Mohon
3041,Mehaboob
3042,Sraman
3043,Donny
3044,Pawan
3045,Sankhya
3046,Saheel
3047,Dayamoy
3048,Fattah
3049,Niteesh
3050,Ayash
3051,Tahseen
3052,Binodray
3053,Nivesh
3054,Kallyan
3055,Kalpendu
3056,Fezan
3057,Devdas
3058,David
3059,Zayeef
3060,Saleem
3061,Mohadeb
3062,Jeevaraaj
3063,Pijutosh
3064,Prabhudutta
3065,Premanshu
3066,Chiranjeev
3067,Uttal
3068,Debnarayan
3069,Jag
3070,Nanjundewsar
3071,Bilal
3072,Nafiz
3073,Nizvan
3074,Farhana
3075,Debasish
3076,Hamidur
3077,Badinj
3078,Mandar
3079,Mahishmat
3080,Baizid
3081,Viplav
3082,Abaan
3083,Joydip
3084,Poritosh
3085,Bama
3086,Jyestha
3087,Masum
3088,Aslam
3089,Ugrak
3090,Debyans
3091,Prastut
3092,Gobardhan
3093,ChandraKumar
3094,Indrish
3095,Rananjoy
3096,Debasmeet
3097,Bhuven
3098,Jumman
3099,Awinash
3100,Soutik
3101,Avinas
3102,Fulchand
3103,Manvendra
3104,Raghuvir
3105,Anup
3106,Azgar
3107,Nambi
3108,Adyah
3109,Limon
3110,Girvaan
3111,Bisma
3112,Ishayu
3113,Viraash
3114,Prithun
3115,Novoneel
3116,Indrajeet
3117,Malay
3118,Mahijith
3119,Mojjammel
3120,Jotin
3121,Subhom
3122,Kalicharan
3123,Megh
3124,Nuri
3125,Taraksh
3126,Kabiraj
3127,Alak
3128,Priyajeet
3129,Bedanta
3130,Amrit
3131,Hridhiyansh
3132,Prabal
3133,Akib
3134,Tajim
3135,Hansraj
3136,Jatindranath
3137,Niruja
3138,Prajeesh
3139,Pranshul
3140,Lavik
3141,Sumit
3142,Rayhan
3143,Tisam
3144,Banshidhar
3145,Indraneil
3146,Keshwa
3147,Distant
3148,Bichitra
3149,Gourinandan
3150,Man
3151,Ushmit
3152,Shahid
3153,Meenakshi
3154,Nabinchandra
3155,Nafi
3156,Sarath
3157,Paramahamsa
3158,Anika
3159,Rian
3160,Lagnajit
3161,Raghunadh
3162,Mehrab
3163,Chan
3164,Abhinava
3165,Ashutosh
3166,Baibhab
3167,Chandrakiran
3168,Puli
3169,Panmoli
3170,Bhargov
3171,Sharan
3172,Upendrakishore
3173,Bapan
3174,Gazi
3175,Ratinderpal
3176,Jasobant
3177,Gopalgobinda
3178,Mantu
3179,Jamir
3180,Vasu
3181,Chandro
3182,Sanjiv
3183,Vikrant
3184,Mrinmoy
3185,Sawrup
3186,Khageswar
3187,Nagdhar
3188,Omkara
3189,Khudiram
3190,Inamul
3191,Arunoday
3192,Dinkar
3193,Rony
3194,Ashim
3195,Senmal
3196,Bashudev
3197,Bhupesh
3198,Kunj
3199,Variyas
3200,Heer
3201,Juhair
3202,Manishankar
3203,Rashaad
3204,Jignesh
3205,Tejaswi
3206,Happy
3207,Asoka
3208,Kumud
3209,Aghor
3210,Aheer
3211,Denesh
3212,Neeladri
3213,Yatharth
3214,Supraj
3215,Benudhar
3216,Dibyojyoti
3217,Mrigankamouli
3218,Raju
3219,Debkanto
3220,ChandraShekar
3221,Ateet
3222,Shivai
3223,Jitaditya
3224,Vikram
3225,Radwan
3226,Ganapati
3227,Sadhan
3228,Naim
3229,Pankoj
3230,Harikrishna
3231,Paras
3232,Ramshankar
3233,Nairit
3234,Bidit
3235,Bidesh
3236,Ankur
3237,Bikram
3238,Devanka
3239,Baidurya
3240,Syroom
3241,Padmadhar
3242,Urjith
3243,Baruna
3244,Niranjan
3245,Shib
3246,Prithish
3247,Himanish
3248,Rizan
3249,Arkit
3250,Deepak
3251,Laksman
3252,Prasant
3253,Arghya
3254,Biswal
3255,Nagesh
3256,Prana
3257,Mukshith
3258,Alok
3259,Sadman
3260,Deependu
3261,Paranjay
3262,Vihang
3263,Sriyam
3264,Muraaree
3265,Soahan
3266,Jaideb
3267,Gatik
3268,Basab
3269,Alya
3270,Wrichik
3271,Mohnish
3272,Mrigankasekhar
3273,Saurov
3274,Avayesh
3275,Gopala
3276,Prithwish
3277,Jeeshan
3278,Trihan
3279,Sadar
3280,Jiyanshu
3281,Avanip
3282,Sanatan
3283,Vedanga
3284,Tuhine
3285,Laxman
3286,Pramanick
3287,Bhisham
3288,Sujit
3289,Harihara
3290,Prajal
3291,Arshad
3292,Sojal
3293,Kishore
3294,Reeshan
3295,Anshuman
3296,Monodip
3297,Chitrabahu
3298,Atul
3299,Boby
3300,Digesh
3301,Koushal
3302,Bhaswar
3303,Krishant
3304,Chemmal
3305,Tribhuvan
3306,Parthasarathi
3307,Subahu
3308,Ranesh
3309,Jagodish
3310,Madhu
3311,Valaiyapathi
3312,Joyanta
3313,Daya
3314,Abu
3315,Bigul
3316,Jyotichandra
3317,Dershil
3318,Aadhev
3319,Chotu
3320,Shoora
3321,Shafi
3322,Samarth
3323,Tej
3324,Benjamin
3325,Harkesh
3326,Aneesh
3327,Jaysukh
3328,Rahil
3329,Aranav
3330,Jatindra
3331,Jagadhidh
3332,Akter
3333,Zilani
3334,Ripan
3335,Rafsan
3336,Prashanjit
3337,Argha
3338,Anshika
3339,Mazharul
3340,Shadman
3341,Ashveer
3342,Pushpakar
3343,Dayyan
3344,Dipten
3345,Biswadev
3346,Manohara
3347,Vasuroop
3348,Tushim
3349,Atmanand
3350,Mareechi
3351,Krishno
3352,Asit
3353,Adwitiya
3354,Manoranjan
3355,Anjuman
3356,Risap
3357,Rifat
3358,Svar
3359,Omit
3360,Harsha
3361,Monirul
3362,Tarakumar
3363,Soumya
3364,Anmohan
3365,Sakif
3366,Petchi
3367,Varaprada
3368,Niharendu
3369,Naranjan
3370,Vasava
3371,Sunny
3372,Jhulan
3373,Ayudh
3374,Rajdeepak
3375,Bisnu
3376,Raka
3377,Musiq
3378,Jaynal
3379,Gopen
3380,Pratik
3381,Saswat
3382,Suchit
3383,Bhupa
3384,Hriyan
3385,Stotri
3386,Sujan
3387,Sattik
3388,Peeyush
3389,Muchukunda
3390,Moti
3391,Deenadayal
3392,Bharatchandra
3393,Prajya
3394,Devendranath
3395,Gourav
3396,Poumit
3397,Nataraj
3398,Jainul
3399,Jadan
3400,Kobir
3401,Brajmohan
3402,Rajanya
3403,Rinku
3404,Parambrata
3405,Biswjit
3406,Bela
3407,Pinku
3408,Rinto
3409,Sudhip
3410,Josh
3411,Ayush
3412,Soham
3413,Harbansh
3414,Sontos
3415,Keethan
3416,Swaraj
3417,Lingam
3418,Akshar
3419,Habib
3420,Dhevan
3421,Rohitasva
3422,Balinder
3423,Devoprosad
3424,Devadut
3425,Debdeep
3426,Indradev
3427,Okhil
3428,Kabinesh
3429,Anjum
3430,Biprodip
3431,Manaar
3432,Antor
3433,Larraj
3434,Debesh
3435,Safat
3436,Shekar
3437,Samajas
3438,Kanalendu
3439,Heeyan
3440,Samudra
3441,Badaat
3442,Prakash
3443,Kumarjit
3444,Sunit
3445,Pritviraj
3446,Swax
3447,Romesh
3448,Chi
3449,Rituraz
3450,Hridai
3451,Zakaria
3452,Mihik
3453,Shayon
3454,Vishnuraman
3455,Michael
3456,Dikshan
3457,Ranadeep
3458,Muditya
3459,Premlochan
3460,Debarshi
3461,Rajeev
3462,Arjes
3463,Ganesha
3464,Daruk
3465,Biswanath
3466,Randip
3467,Abhiraj
3468,Shetu
3469,Abhijit
3470,Arkajit
3471,Sanyam
3472,Vidip
3473,Nibaal
3474,Mohik
3475,Gupil
3476,Jeeva
3477,Asoke
3478,Vaishnai
3479,Abhinov
3480,Protap
3481,Sarthak
3482,Bhanu
3483,Ranabir
3484,Trisan
3485,Biswadip
3486,Viswanadh
3487,Bickram
3488,Debatosh
3489,Adrinil
3490,Sarnab
3491,Sayaf
3492,Adrait
3493,Aayush
3494,Kiratidev
3495,Arup
3496,Iri
3497,Taylor
3498,Ojas
3499,Arash
3500,Naif
3501,Navier
3502,Afsan
3503,Amitabh
3504,Ashis
3505,Aariyan
3506,Hridhik
3507,Sopnil
3508,Umaiappan
3509,Parees
3510,Rheyan
3511,Ameya
3512,Arikt
3513,Agnija
3514,Bimalesh
3515,Birat
3516,Bayezid
3517,Ishwar
3518,Bibhishan
3519,Prince
3520,Abhro
3521,Narsi
3522,Lohith
3523,Sanjid
3524,Sahitya
3525,Sudish
3526,Tript
3527,Love
3528,Dimmy
3529,Gopalsamy
3530,Rishu
3531,Bodhayan
3532,Kritanu
3533,Marudeva
3534,Sadesh
3535,Debkanta
3536,Kundir
3537,Dhiraj
3538,Bikromjit
3539,Swamy
3540,Depankar
3541,Ahilan
3542,Liju
3543,Zayed
3544,Rupin
3545,Prithu
3546,Minku
3547,Biltu
3548,Tishu
3549,Sanat
3550,Indradeepta
3551,Vyoam
3552,Ashirbad
3553,Thakur
3554,Alvi
3555,Nihal
3556,Samun
3557,Dibakara
3558,Vandon
3559,Risu
3560,Ujala
3561,Eknath
3562,Aryan
3563,Mantram
3564,Ahel
3565,Rajneesh
3566,Ahana
3567,Samay
3568,Debanil
3569,Nara
3570,Mitrajit
3571,Khirod
3572,Radhak
3573,Dibyakumar
3574,Nasib
3575,Sahnaj
3576,Ariyan
3577,Nishu
3578,Masidul
3579,Anindra
3580,Bodhisattva
3581,Pralay
3582,Debabroto
3583,Rafin
3584,Debamallya
3585,Prakhit
3586,Gyansh
3587,Kaliprasanna
3588,Nabid
3589,Biswadeep
3590,Angsu
3591,Rithan
3592,Vishwaamitra
3593,Arabind
3594,Tuhin
3595,Sazid
3596,Purshottam
3597,Proyas
3598,Preeyansu
3599,Mohammad
3600,Sabuj
3601,Anila
3602,Buvanesh
3603,Gurupada
3604,Anandu
3605,Aarit
3606,Reedhun
3607,Rizu
3608,Pallob
3609,Ruksat
3610,Adipto
3611,Bapin
3612,Kanai
3613,Bhagabata
3614,Farhan
3615,Nivin
3616,Jagadeesh
3617,Ratan
3618,Gouranga
3619,Siam
3620,Deepjyoti
3621,Sofiq
3622,Kingshuk
3623,Sharthk
3624,Jitan
3625,Ranajeet
3626,Jayadratha
3627,Jnanendra
3628,Sonjay
3629,Ahmed
3630,Bharat
3631,Abadh
3632,Hridgata
3633,Prasith
3634,Ayank
3635,Chandhran
3636,Indro
3637,Ilan
3638,Madhav
3639,Ranai
3640,Kurumuni
3641,Prithvi
3642,Ashin
3643,Debosmita
3644,Dilber
3645,Karikalan
3646,Gopichandha
3647,Varun
3648,Avoy
3649,Hitadri
3650,Viswadeb
3651,Mit
3652,Vishvatma
3653,Ohitlal
3654,Ambar
3655,Safirul
3656,Dibandu
3657,Shiv
3658,Dambaru
3659,Hemadri
3660,Bitu
3661,Zayan
3662,Chirosman
3663,Pathani
3664,Himansh
3665,Dhanshree
3666,Triloknath
3667,Tinku
3668,Vishoy
3669,Arish
3670,Chhotan
3671,Peter
3672,Bibhuti
3673,Anvir
3674,Manon
3675,Nayan
3676,Beaufort
3677,Dayal
3678,Shyaam
3679,Prajwal
3680,Murat
3681,Sachin
3682,Tanaji
3683,Bhuvaneshwar
3684,Birender
3685,Jaigath
3686,Matibur
3687,Avinaba
3688,Rakhsan
3689,Anis
3690,Tasin
3691,Jasveer
3692,Debobroto
3693,Dherya
3694,Aiklabya
3695,Bokul
3696,Kantimoy
3697,Ikshan
3698,Omja
3699,Sitesh
3700,Avyukt
3701,Ritonu
3702,Vineet
3703,Raktim
3704,Bhooshan
3705,Prayaag
3706,Arumoy
3707,Nitheesh
3708,Deb
3709,Satwaki
3710,Avijay
3711,Aranab
3712,Himkar
3713,Ratneshwar
3714,Aatman
3715,Parimol
3716,Shohel
3717,Bimal
3718,Muktar
3719,Nilanjana
3720,Kovid
3721,Somjit
3722,Shibu
3723,Koustuv
3724,Purnendu
3725,Sourov
3726,Durjoy
3727,Divyans
3728,Trinath
3729,Kaustubh
3730,Shakunt
3731,Nalak
3732,Sayam
3733,Bhagavanth
3734,Bitan
3735,Preetam
3736,Shiway
3737,Ranveer
3738,Lavana
3739,Masidur
3740,Dhruvil
3741,Mahatab
3742,Somen
3743,Chinmay
3744,Dipan
3745,Kalpadip
3746,Atharva
3747,Kishori
3748,Altab
3749,Sawaf
3750,Bahuleya
3751,Badal
3752,Bikahs
3753,Vikas
3754,Ridit
3755,Hariharaatmaja
3756,Naggar
3757,Debrup
3758,Nitay
3759,Rehansh
3760,Totan
3761,Arpit
3762,Sachi
3763,Kahon
3764,Dhurba
3765,Narasimha
3766,Gajkaran
3767,Bashkar
3768,Ami
3769,Smyan
3770,Bishvjit
3771,Sakti
3772,Chitragupta
3773,Dibyakanti
3774,Tamim
3775,Dhonu
3776,Nahush
3777,Tarakeswar
3778,Abhinash
3779,Palas
3780,Yukt
3781,Avneet
3782,Devilaal
3783,Jadev
3784,Bhagbant
3785,Bihaan
3786,Khokan
3787,Bishoo
3788,Bappy
3789,Hironmoe
3790,Aaban
3791,Raaj
3792,Lithish
3793,Kunsh
3794,Upal
3795,Sandip
3796,Upamanyu
3797,Vaidik
3798,Aakaar
3799,Madhab
3800,Salam
3801,Sukant
3802,Kamlesh
3803,Ankit
3804,Vilochan
3805,Sudesh
3806,Priyankar
3807,Daivik
3808,Dhian
3809,Dippendu
3810,Kuldeep
3811,Shanti
3812,Nabil
3813,Byron
3814,Hardik
3815,Nihit
3816,Aishan
3817,Deeptam
3818,Abhick
3819,Samin
3820,Subhas
3821,Gurcharan
3822,Delwar
3823,Shoaz
3824,Asotosa
3825,Kuber
3826,Sukhen
3827,Murlidhar
3828,Animesh
3829,Aahnan
3830,Bivas
3831,Rajiv
3832,Partha
3833,Wakil
3834,Binit
3835,Tahsin
3836,Vinayak
3837,Shawon
3838,Oninddo
3839,Virendra
3840,Babul
3841,Sultan
3842,Bashia
3843,Manohari
3844,Hasib
3845,Jaga
3846,Rabinda
3847,Chirakumar
3848,Arobinda
3849,Aftaab
3850,Sameer
3851,Dabang
3852,Karthika
3853,Hariram
3854,Baldev
3855,Oha
3856,Keshava
3857,Biten
3858,Basudeo
3859,Devarpana
3860,Ananya
3861,Manjyot
3862,Prosit
3863,Amirul
3864,Santu
3865,Jakaria
3866,Prathmesh
3867,Uttom
3868,Saptak
3869,Aadhira
3870,Alim
3871,Budhadeb
3872,Idris
3873,Sant
3874,Balakrishna
3875,Xylem
3876,Bhramadev
3877,Rupayan
3878,Aamit
3879,Aftab
3880,Debojyoti
3881,Dibakor
3882,Tameshwar
3883,Raseef
3884,Uthkarsh
3885,Gandhik
3886,Uddyam
3887,Sivan
3888,Jaber
3889,Kanthamani
3890,Swarup
3891,Ayaz
3892,Shibam
3893,Bandhu
3894,Pribhakta
3895,Jiben
3896,Sadil
3897,Biplab
3898,Venkatesh
3899,Bipradas
3900,Nallalagan
3901,Shabana
3902,Rudransh
3903,Anusmit
3904,Debabrat
3905,Ranak
3906,Onindro
3907,Chellan
3908,Anunay
3909,Bellal
3910,Hem
3911,Kisan
3912,Avighna
3913,ChandraPrakash
3914,Dhan
3915,Achinto
3916,Nayek
3917,Pathan
3918,Akrit
3919,Rejith
3920,Sabu
3921,Kabira
3922,Lakshman
3923,Mithilesh
3924,Arun
3925,Chirantan
3926,Raton
3927,Jubin
3928,Narender
3929,Nishat
3930,Mayilan
3931,Apurba
3932,Sourim
3933,Dhiyash
3934,Dev
3935,Kanad
3936,Kushad
3937,Rubik
3938,Kushanu
3939,Bandhan
3940,Nawanit
3941,Mahat
3942,Debraj
3943,Rofiqul
3944,Tungesh
3945,Rimon
3946,Simran
3947,Kush
3948,Raghav
3949,Chakradhar
3950,Protim
3951,Manoj
3952,Aabir
3953,Lokesh
3954,Trishaan
3955,Sunand
3956,Agneeva
3957,Sukdeb
3958,Iravan
3959,Bivan
3960,Arjon
3961,Babor
3962,Arca
3963,Kharanshu
3964,Debman
3965,Dhiman
3966,Arjun
3967,Atanu
3968,Hira
3969,Bhajan
3970,Devaram
3971,Pronob
3972,Hemendu
3973,Dhivakar
3974,Prithwiraj
3975,Panchu
3976,Neev
3977,Preet
3978,Chanakya
3979,Svaksh
3980,Tareq
3981,Titu
3982,Tunda
3983,Trijoy
3984,Dhrub
3985,Sathwik
3986,Bahushruta
3987,Alock
3988,Maharth
3989,Dibendu
3990,Mahindra
3991,Arjit
3992,Arnob
3993,Rizwan
3994,Touseef
3995,Shwar
3996,Anjan
3997,Fahim
3998,Sartha
3999,Kunjalal
4000,Somik
4001,Mehdi
4002,Sailen
4003,Debdutta
4004,Vignan
4005,Ishmam
4006,Debu
4007,Debadrata
4008,Abhidev
4009,Debosman
4010,Bal
4011,Maitrish
4012,Anamitra
4013,Izhar
4014,Sivam
4015,Sunam
4016,Shayan
4017,Shryan
4018,Chiman
4019,Trinabh
4020,Chondan
4021,Anujit
4022,Ullhass
4023,Joy
4024,Ramit
4025,Haridas
4026,Bipin
4027,Bramhanand
4028,Sunar
4029,Ziqraan
4030,Navasprik
4031,Ridan
4032,Madhurank
4033,Manikyam
4034,Nishant
4035,Makhan
4036,Shashie
4037,Tonoy
4038,Bharavi
4039,Ramesha
4040,Shunil
4041,Abir
4042,Bhagabat
4043,Buddhadev
4044,Arnadeep
4045,Parikshit
4046,Gour
4047,Kshitij
4048,KalHans
4049,Joydeb
4050,Ashu
4051,Rosni
4052,Nahid
4053,Rasib
4054,Sourja
4055,Praveer
4056,Pratick
4057,Nilakantha
4058,Omswaroop
4059,Kamalendu
4060,Arbaj
4061,Nandu
4062,Torongo
4063,Shaurya
4064,Imrul
4065,Mohibur
4066,Monidip
4067,Anthik
4068,Prasoon
4069,Ajman
4070,Sutanu
4071,Jyot
4072,Narun
4073,Chhabi
4074,Rupanjan
4075,Ranga
4076,Banbhatt
4077,Keerthinath
4078,Aaraf
4079,Balu
4080,Richard
4081,Vyshnav
4082,Rayan
4083,Guneet
4084,Girish
4085,Jaypal
4086,Shamyal
4087,Ravitez
4088,Illu
4089,Purvik
4090,Ramendra
4091,Hamanta
4092,Farid
4093,Pushpen
4094,Sontu
4095,Azim
4096,Patit
4097,Dinesh
4098,Afraz
4099,Tahaseen
4100,Priyabrata
4101,Junayed
4102,Tapeshwar
4103,Manjiri
4104,Jaydeep
4105,Chanchal
4106,Tapamoy
4107,Syed
4108,Rith
4109,Ayub
4110,Rabendra
4111,Shehab
4112,Vedanshu
4113,Chandak
4114,Abhijoy
4115,Uttiya
4116,Fazle
4117,Nilan
4118,Narugopal
4119,Hemanga
4120,Bishwambar
4121,Arhya
4122,Kovendan
4123,Hrishabh
4124,Azeem
4125,Sushil
4126,Karuppan
4127,Vachaspati
4128,Damodar
4129,Rahul
4130,Vinayaka
4131,Agnibesh
4132,Rameshwer
4133,Heman
4134,Prashant
4135,Hironmoy
4136,Ritendra
4137,Taraknath
4138,Premangshu
4139,Roslan
4140,Yogiraj
4141,Arjav
4142,Vaisaka
4143,Faiz
4144,Dibbendu
4145,Prosun
4146,Veer
4147,Ameen
4148,Rohan
4149,Binayak
4150,Nayem
4151,Dihan
4152,Prachurya
4153,Rajat
4154,Soraj
4155,Sriraj
4156,Dhruvin
4157,Jaswanth
4158,Ranjan
4159,Prosanta
4160,Saura
4161,Dhir
4162,Arkojit
4163,Abhish
4164,Dipa
4165,Bhuman
4166,Hannan
4167,Nirman
4168,Mahim
4169,Santonu
4170,Debal
4171,Laxmikant
4172,Harshvardhan
4173,Prafulla
4174,Bijon
4175,Nabajit
4176,Manoharr
4177,Sharnab
4178,Guna
4179,Pravat
4180,Muhin
4181,Fazal
4182,Bibeka
4183,Chahal
4184,Momin
4185,Ramavatar
4186,Anuva
4187,Ryan
4188,Jagajeet
4189,Ariyavan
4190,Borna
4191,Chanki
4192,Anwer
4193,Tapasranjan
4194,Bandana
4195,Sanjeet
4196,Muhit
4197,Anondo
4198,Gaurava
4199,Devit
4200,Harshit
4201,Aahan
4202,Aveek
4203,Rameshwar
4204,Vedanth
4205,Apurva
4206,Monojeet
4207,Goverdhan
4208,Yokith
4209,Rijwana
4210,Srijon
4211,Gunashankar
4212,Montu
4213,Adhiraj
4214,Mehran
4215,Murugappan
4216,Dipangshu
4217,Trambak
4218,Vaibhav
4219,Zenan
4220,Bhairab
4221,Sahil
4222,Kaustav
4223,Nand
4224,Ajoy
4225,Dipu
4226,Abhinay
4227,Triyanshu
4228,Sibaji
4229,Jannat
4230,Durva
4231,Aushmik
4232,Shashi
4233,Dolon
4234,Ridham
4235,Debarghya
4236,Zayn
4237,Rodra
4238,Pranshu
4239,Amiyo
4240,Jishu
4241,Arav
4242,Mivan
4243,Taj
4244,Rupendu
4245,Himaghana
4246,Dibendhu
4247,Susmit
4248,Prachin
4249,Arpa
4250,Pulak
4251,Aayan
4252,Pabel
4253,Debmalya
4254,Debojeet
4255,Jayesh
4256,Vihar
4257,Debangsu
4258,Aarsh
4259,Krishana
4260,Writam
4261,Jamal
4262,Artha
4263,Sheikh
4264,Muntasir
4265,Shibi
4266,Prit
4267,Tulsi
4268,Devraj
4269,Debarpan
4270,Riteshnu
4271,Divamani
4272,Tomal
4273,Abhi
4274,Jaladhar
4275,Sainath
4276,Mounesh
4277,Kanailal
4278,Bikramsen
4279,Mehraj
4280,Sohit
4281,Sathya
4282,Selim
4283,Razib
4284,Deepit
4285,Gandhar
4286,Dheerandra
4287,Adip
4288,Hrudhan
4289,Soynit
4290,Khemchand
4291,Yatin
4292,Ashwani
4293,Suras
4294,Nemai
4295,Debindra
4296,Avisekh
4297,Dushyant
4298,Emtiaz
4299,Chandrahaas
4300,Jit
4301,Ghanaanand
4302,Neeranjana
4303,Bob
4304,Kularanjan
4305,Prasanto
4306,Audri
4307,Adler
4308,Roopesh
4309,Iniyavan
4310,Amoy
4311,Dhanu
4312,Ashfaq
4313,Chakravartee
4314,Eeshan
4315,Amyt
4316,Nawal
4317,Risob
4318,Arzo
4319,Arpan
4320,Devakantha
4321,Aayu
4322,Himangsho
4323,Zahin
4324,Sanjay
4325,Emon
4326,Ferdous
4327,Vijeth
4328,Mydul
4329,Siva
4330,Gopaal
4331,Pulin
4332,Somir
4333,Ettan
4334,Gobindo
4335,Marutatmaj
4336,Ekaling
4337,Jograj
4338,Ronjit
4339,Akhan
4340,Faisal
4341,Pratyahik
4342,Brijesh
4343,Novnith
4344,Vidhatru
4345,Susher
4346,Miraj
4347,Punith
4348,Jubed
4349,Vijendra
4350,Panshul
4351,Habibul
4352,Adhrish
4353,Zohad
4354,Sahadeb
4355,Indrajit
4356,Modak
4357,Mukundo
4358,Dibangsu
4359,Avinish
4360,Mithil
4361,Manas
4362,Chaturbhuj
4363,Jotirmoy
4364,Devdeep
4365,Afik
4366,Debbhakta
4367,Rakesh
4368,Vibeesh
4369,Rik
4370,Sounak
4371,Saatvik
4372,Sanket
4373,Divyesh
4374,Jeebesh
4375,Satya
4376,Bannerjee
4377,Chiranjit
4378,Saunil
4379,Rajib
4380,Monmohan
4381,Aynan
4382,Nibas
4383,Arush
4384,Kumara
4385,Visha
4386,Aamod
4387,Arian
4388,Nayanjit
4389,Ruhul
4390,Diptendu
4391,Subhro
4392,Biraat
4393,Manukumar
4394,Bidyadhar
4395,Amartya
4396,Arya
4397,Rictam
4398,Amber
4399,Mishar
4400,Prateek
4401,Somrik
4402,Zishu
4403,Pudhumai
4404,Rashedul
4405,Praveen
4406,Somak
4407,Samaah
4408,Prema
4409,Dibesh
4410,Arnit
4411,Harisha
4412,Rajes
4413,Balendra
4414,Shurya
4415,Devakumar
4416,Dwijaraj
4417,Sudip
4418,Sarvang
4419,Bourhan
4420,Saurish
4421,Mudit
4422,Yadu
4423,Sukesh
4424,Taksa
4425,Namadev
4426,Sarin
4427,Sougat
4428,Anwaya
4429,Rofi
4430,Sham
4431,Srimit
4432,Jaisukh
4433,Guruprasad
4434,Sami
4435,Samrik
4436,Diptangshu
4437,Mohendra
4438,Tripurari
4439,Kadon
4440,Parbhas
4441,Sukh
4442,Tejaswar
4443,Pantu
4444,Mohal
4445,Yogi
4446,Yasir
4447,Balchander
4448,Krishnakant
4449,Anuragh
4450,Prasanjith
4451,Rohith
4452,Koilash
4453,Arbaz
4454,Neel
4455,Kripalu
4456,Baleshwar
4457,Chand
4458,Sanjog
4459,Sounil
4460,Kolyan
4461,Bhadra
4462,Manisankar
4463,Venish
4464,Uddipan
4465,Anwit
4466,Chayan
4467,Opurbo
4468,Sonam
4469,Dillip
4470,Vidyacharan
4471,Bishu
4472,Debananda
4473,Tanmay
4474,Dibakar
4475,Neloy
4476,Deenath
4477,Anuraag
4478,Abeer
4479,Anugya
4480,Harsh
4481,Sritik
4482,Prodeep
4483,Vishnay
4484,Arpon
4485,Razzaque
4486,Ahnaf
4487,Trishit
4488,Mitra
4489,Anupom
4490,Jiaansh
4491,Anurup
4492,Asiq
4493,Dharmaveer
4494,Keyan
4495,Sourya
4496,Sombhu
4497,Girichandra
4498,Suruj
4499,Sharif
4500,Pranjal
4501,Keya
4502,Riptish
4503,Baharul
4504,Meheraj
4505,Hrishav
4506,Matin
4507,Balan
4508,Puspa
4509,Buban
4510,Sumon
4511,Mondal
4512,Rafael
4513,Jainil
4514,Afrin
4515,Gouttam
4516,Abbas
4517,Debayan
4518,Saiful
4519,Sobuz
4520,Nabin
4521,Nirendranath
4522,Jagrat
4523,Marin
4524,Prantik
4525,Chitresh
4526,Prabath
4527,Roheet
4528,Ugrasen
4529,Mahalaya
4530,Syon
4531,Karpoor
4532,Hridika
4533,Hrisikesh
4534,Debaprosad
4535,Kafil
4536,Nilangshu
4537,Vighnesh
4538,Nabarun
4539,Dabir
4540,Kayvan
4541,Senthu
4542,Oorjit
4543,Mohona
4544,Paramhansa
4545,Rajaselvam
4546,Antik
4547,Pronajit
4548,Pankaj
4549,Janav
4550,ChandraMauli
4551,Paban
4552,Debarya
4553,Avanit
4554,Arin
4555,Sinhak
4556,Tanush
4557,Anjal
4558,Shaunik
4559,Chitt
4560,Rishikesh
4561,Rajon
4562,Jaithra
4563,Usman
4564,Veda
4565,Deeptiman
4566,Vihan
4567,Swoyam
4568,Puspen
4569,Deva
4570,Chinmoy
4571,Sonu
4572,Bitupan
4573,Vishv
4574,Vinoth
4575,Kshirodprasad
4576,Ashesh
4577,Mahadev
4578,Ashil
4579,Indradatt
4580,Madhumay
4581,Edhas
4582,Shakti
4583,Gaurishankar
4584,Shamayn
4585,Purahan
4586,Boldeb
4587,Devrat
4588,Sabal
4589,Dharmik
4590,Chinu
4591,Nepu
4592,Anikesh
4593,Dhruba
4594,Adish
4595,Anaam
4596,Meerab
4597,Sajan
4598,Ananga
4599,Paksha
4600,RadheyShyam
4601,Rochak
4602,Arkan
4603,Khalil
4604,Seenu
4605,Lovkesh
4606,Mukti
4607,Pramatesh
4608,Wriddhish
4609,Siv
4610,Ranojit
4611,Aian
4612,Astik
4613,Malak
4614,Saumok
4615,Aarna
4616,Sumik
4617,Shabid
4618,Monzil
4619,Nehan
4620,Prasanna
4621,Projjwal
4622,Devendu
4623,Krishnendu
4624,Evaan
4625,Brajraj
4626,Sarthik
4627,Arthib
4628,PannGesh
4629,Ranobeer
4630,Dharmaraj
4631,Falish
4632,Kusumesh
4633,Urmi
4634,Samik
4635,Brijamohan
4636,Debanjan
4637,Hruday
4638,Devanth
4639,Bisikesan
4640,Arjuna
4641,Trinava
4642,Uddip
4643,Laxmi
4644,Devasis
4645,Gunaratna
4646,Jim
4647,Jibesh
4648,Pragalbh
4649,Samiha
4650,Ridhimaan
4651,Rahim
4652,Rasmaru
4653,Ashwin
4654,Lord
4655,Modan
4656,Bedant
4657,Jawad
4658,Tapomoy
4659,Aman
4660,Adree
4661,Maheepati
4662,Kiyan
4663,Lalon
4664,Tabun
4665,Samir
4666,Jitumoni
4667,Ayandip
4668,Tarnish
4669,Saumil
4670,Golap
4671,Aadarsh
4672,Tahim
4673,Sheevam
4674,Shubh
4675,Ashray
4676,Ahan
4677,Jasbeer
4678,Rajjak
4679,Foysal
4680,Neeraj
4681,Shayaan
4682,Prabash
4683,Rathin
4684,Sambu
4685,Aurik
4686,Tarun
4687,Mehan
4688,Ahendra
4689,Aronno
4690,Bishwonath
4691,Gyana
4692,Bishwambhar
4693,Pavitra
4694,Eshan
4695,Venkataraj
4696,Lokeswara
4697,Elilarasan
4698,Devashis
4699,Jayashish
4700,Aronna
4701,Ratnesh
4702,Mritul
4703,Kamaleswar
4704,Yashpal
4705,Rothin
4706,Darshak
4707,Avish
4708,Cheliyan
4709,Umasuta
4710,Bijit
4711,Mrigalochan
4712,Harshavardan
4713,Mehul
4714,Pradeep
4715,Trinanjan
4716,Kathan
4717,Rit
4718,Aniq
4719,Saham
4720,Bishaw
4721,Yogendra
4722,Lalitesh
4723,Omkareswar
4724,Vaikhan
4725,Jewel
4726,Urjita
4727,Vijoy
4728,Manish
4729,Prisha
4730,Jivraj
4731,Tonmoy
4732,Ganaka
4733,Bishmay
4734,Michon
4735,Divyansh
4736,Bireswar
4737,Baha
4738,Baban
4739,Ashiq
4740,Naitik
4741,Devarsi
4742,Hrithik
4743,Sujith
4744,Anshuk
4745,Sagor
4746,Chidambar
4747,Deeptimoy
4748,Priyansu
4749,Subro
4750,Pablo
4751,Hemchandra
4752,Jayanti
4753,Amolik
4754,Jethu
4755,Savraj
4756,Rudraprasad
4757,Piush
4758,Muntakim
4759,Himaanshu
4760,Chitrarath
4761,Diptesh
4762,Bhabotosh
4763,Hari
4764,Nikhilchandra
4765,Ramakanto
4766,Suhan
4767,Devaraj
4768,Manasa
4769,Kshaunish
4770,Miloy
4771,Chintu
4772,Dheerendra
4773,Don
4774,Amitabha
4775,Vinod
4776,Niaz
4777,Pramathanath
4778,Rajveer
4779,Chintan
4780,Devdutta
4781,Dwijendralal
4782,Rupsan
4783,Padyanava
4784,Soum
4785,Bhupal
4786,Joyto
4787,Mahatejaswi
4788,Sai
4789,Kartick
4790,Kalyandeep
4791,Bireshwar
4792,Deendayal
4793,Neerlav
4794,Tamaghna
4795,Aadit
4796,Toushik
4797,Rabbani
4798,Aktar
4799,Shamim
4800,Ranajit
4801,Aahana
4802,Rabi
4803,Nirad
4804,Aloke
4805,Bhagaban
4806,Tejorupa
4807,Vishawjit
4808,JoyDeep
4809,Chapal
4810,Nabhomani
4811,Kisor
4812,Abhineet
4813,Zahra
4814,Dayaswarup
4815,Sibam
4816,Usharanjan
4817,Ashmik
4818,Aumkara
4819,Manitosh
4820,BhavBhooti
4821,Turag
4822,Mahesh
4823,Debaprasad
4824,Eamon
4825,Biprajit
4826,Sanskar
4827,Aja
4828,Jayabrata
4829,Jagat
4830,Dwarka
4831,Souman
4832,Kayan
4833,Prashna
4834,Teimur
4835,Shaan
4836,Kamalaj
4837,Valmeki
4838,Dipendra
4839,Riddhiman
4840,Jivanananda
4841,Dipen
4842,Bijoykumar
4843,Shauri
4844,Yasic
4845,Nirob
4846,Srijan
4847,Mortimer
4848,Naresh
4849,Dipjoy
4850,Jyatishman
4851,Suhrit
4852,Arunesh
4853,Srirup
4854,Srikan
4855,Rauf
4856,Ferhan
4857,Sarban
4858,Polok
4859,Kannayan
4860,Provash
4861,Dinu
4862,Susom
4863,Dallen
4864,Shanker
4865,Debaditya
4866,Onik
4867,Eekalabya
4868,Monami
4869,Hansin
4870,Tanishq
4871,Falgun
4872,Atmaj
4873,Uday
4874,Priyankshu
4875,Chandravir
4876,Devachandra
4877,Karunanidhi
4878,Sahodeb
4879,Omol
4880,Deeparpan
4881,Trisaan
4882,Jaganath
4883,Depayan
4884,Riyans
4885,Balagopal
4886,Isan
4887,Arman
4888,Mahammad
4889,Robin
4890,Narayan
4891,Bholu
4892,Premananda
4893,Mairland
4894,Supal
4895,Shojib
4896,Samrt
4897,Mamraj
4898,Bahadur
4899,Dhirendra
4900,Binoykumar
4901,Faysal
4902,Forid
4903,Bijoy
4904,Pratap
4905,Harjeet
4906,Kuna
4907,Nil
4908,Avyam
4909,Bandhula
4910,Ranajaya
4911,Eakansh
4912,Hossin
4913,Nibyendu
4914,Prithiv
4915,Dhanonjoy
4916,Suzit
4917,Fayan
4918,Arfaz
4919,Asao
4920,Bisbandhu
4921,Badol
4922,Ayur
4923,Sojeeb
4924,Somay
4925,Safaqat
4926,Nihad
4927,Nirjan
4928,Kamarasan
4929,Jayveer
4930,Rizvan
4931,Mongal
4932,Redoy
4933,Dwijendranath
4934,Gangesh
4935,Montosh
4936,Debnil
4937,Sagan
4938,Avyan
4939,Tushar
4940,Sutapa
4941,Rushil
4942,Ayoush
4943,Bala
4944,Debendra
4945,Ayyapan
4946,Amay
4947,Minhaz
4948,Avdhesh
4949,Eha
4950,Indraadip
4951,Ratna
4952,Mustaq
4953,Pratab
4954,Iman
4955,Nabadip
4956,Mohanta
4957,Shehaan
4958,Somrat
4959,Utphal
4960,Sahidur
4961,Bhowmik
4962,Gupinath
4963,Jagadisha
4964,Sourup
4965,Gafur
4966,Prineet
4967,Prithwaish
4968,Mahatapas
4969,Bhupendra
4970,Ananda
4971,Tapashya
4972,Kaustub
4973,Birendramohan
4974,Vamsi
4975,Anvesh
4976,Arvinda
4977,Shimul
4978,Debabarata
4979,Purujit
4980,Banibrata
4981,Pappu
4982,Govindachandra
4983,Dwaipayan
4984,Devidaas
4985,Jalil
4986,Dheeran
4987,Deepam
4988,Iswar
4989,Faizan
4990,Mofiz
4991,Sabir
4992,Kharaj
4993,Sankarr
4994,Aishik
4995,Prinita
4996,Veerbhadra
4997,Tapash
4998,Soni
4999,Ankush
5000,Princy
5001,Joynal
5002,Sakil
5003,Vrisa
5004,Manthan
5005,Parthajit
5006,Ambarish
5007,Dilipkumar
5008,Ojaswi
5009,Babak
5010,Dattatreya
5011,Barnabha
5012,Mizan
5013,Haresh
5014,Rikth
5015,Viduthalai
5016,Rohak
5017,Anubhav
5018,Avanish
5019,Rameez
5020,Ojayit
5021,Bhashkar
5022,Mayur
5023,Majumder
5024,Satvik
5025,Kinkar
5026,Prabu
5027,Hemaraj
5028,Shajal
5029,Parashuraam
5030,Thajendra
5031,Ekaksha
5032,Debjeet
5033,Pulkesh
5034,PratiVindhya
5035,Piyansu
5036,Gajanana
5037,Nabiul
5038,Bipul
5039,Bharnav
5040,Adiraj
5041,Fanish
5042,Biprajeet
5043,Bishav
5044,Shanish
5045,Ilamparidhi
5046,Yash
5047,Rabid
5048,Milit
5049,Sartaj
5050,Mabrok
5051,Aaman
5052,DwarkaNath
5053,Harshad
5054,Debandu
5055,Mayeen
5056,Chitraksh
5057,Shajeeb
5058,Bavnesh
5059,Nurul
5060,Saorabh
5061,Bidur
5062,Indronath
5063,Ori
5064,Rafid
5065,Puspak
5066,Ratnasagar
5067,Trimbak
5068,Krishnala
5069,Deepansh
5070,Kesab
5071,Taral
5072,Priank
5073,Ohit
5074,Priyamjit
5075,Jwalant
5076,Vajrabahu
5077,Gadin
5078,Reedhant
5079,Rajsekhar
5080,Mritesh
5081,Jaidayal
5082,Guruttam
5083,Promit
5084,Hirakendu
5085,Brij
5086,Prajhval
5087,Devidas
5088,Safwan
5089,ChandraShekhar
5090,Keshow
5091,Ritobhash
5092,Akhil
5093,Srijit
5094,Nishanth
5095,Prabhat
5096,Arefin
5097,Mahidul
5098,Anoj
5099,Snehik
5100,Dhyey
5101,Bunty
5102,Sritam
5103,Pathikrit
5104,Sany
5105,Bhabatosh
5106,Diptiman
5107,Tathagata
5108,Prasannatman
5109,Masid
5110,Kashyap
5111,Rovin
5112,Saiket
5113,Dutta
5114,Kalith
5115,Tomojit
5116,Lakshith
5117,Virinchi
5118,Mitul
5119,Taroun
5120,Yashmit
5121,Vagindra
5122,Shourw
5123,Afnan
5124,Sarab
5125,Samrit
5126,Joyonto
5127,Abnish
5128,Pramatha
5129,Arvindra
5130,Chandrak
5131,Srabon
5132,Arafat
5133,Monuj
5134,Safia
5135,Lingappan
5136,Rahoul
5137,Rayanta
5138,Hanumant
5139,Manashi
5140,Sohaam
5141,Arad
5142,Jhoomer
5143,Ajinkya
5144,Bakul
5145,Kadir
5146,Debprashad
5147,Bhudhar
5148,Neelanu
5149,Vijval
5150,Gunakar
5151,Gajrup
5152,Palan
5153,Prasenjit
5154,Tarakesh
5155,Adesh
5156,Rancha
5157,Nila
5158,Aviraj
5159,Hridaynath
5160,Ishaan
5161,Tuhinsurra
5162,Jogendra
5163,Nikil
5164,Dibas
5165,Abrik
5166,Taizeen
5167,Nirupam
5168,Sooraj
5169,Preyash
5170,Aarthav
5171,Nimon
5172,Subhra
5173,Bishnupada
5174,Nikunj
5175,Prasenjeet
5176,Saunik
5177,Giyansh
5178,Harij
5179,Asadur
5180,Mukundaram
5181,Baldwin
5182,Rafsal
5183,Priyansh
5184,Bishwanath
5185,Yousuf
5186,Timir
5187,Shohag
5188,Karnajeet
5189,Hareendra
5190,Idaspati
5191,Devaan
5192,Parasme
5193,Parth
5194,Mosey
5195,Nandeesh
5196,Dipankar
5197,Sonjoe
5198,Reejit
5199,Tusharsuvra
5200,Musab
5201,Deba
5202,Mohitlal
5203,Bipesh
5204,Nilarjo
5205,Hemanto
5206,Bibhu
5207,Virang
5208,Judhajit
5209,Aurindam
5210,Debpriyo
5211,Ajay
5212,Samprit
5213,Yajnadhar
5214,Avaneeth
5215,Rabindra
5216,Kapaali
5217,Rhishi
5218,Ramanathan
5219,Beejay
5220,Rangith
5221,Sohan
5222,Umakanth
5223,Pari
5224,Tanvir
5225,Vrisangan
5226,Badrul
5227,Jishaan
5228,Sasi
5229,Ronojoy
5230,Fazlul
5231,Pankaz
5232,Saras
5233,Manju
5234,Uptal
5235,Ram
5236,Devbranta
5237,Aahnik
5238,Debiprasad
5239,Vishvesh
5240,Ellu
5241,Imon
5242,Devajit
5243,Fanibhusan
5244,Nirjhar
5245,Nabab
5246,Riaz
5247,Priyanshu
5248,Aaradhya
5249,Chirnjit
5250,Basudeb
5251,Pardev
5252,Phani
5253,Dharmabrata
5254,Suhit
5255,Randhir
5256,Vimridh
5257,Kripesh
5258,Chaitana
5259,Alampata
5260,Haneesh
5261,Rajni
5262,Debdatta
5263,Karim
5264,Prasad
5265,Nibesh
5266,Anujith
5267,Charanjeet
5268,Papon
5269,Nader
5270,Koushik
5271,Dharuna
5272,Gunakanta
5273,Raihan
5274,Ramsundar
5275,Ranju
5276,Abinas
5277,Kalia
5278,Bhagban
5279,Gopi
5280,Haraprasad
5281,Avijit
5282,Anshumoy
5283,Taggart
5284,Shajid
5285,Kishon
5286,Vigrah
5287,Basumitra
5288,Noraiz
5289,Jyotiprakash
5290,Achintya
5291,Chanda
5292,Pratapavat
5293,Prabhasis
5294,Lakshamana
5295,Mishu
5296,Nirankar
5297,Indrodzit
5298,Rayaan
5299,Premji
5300,Shivam
5301,Trishab
5302,Bibek
5303,Brijmohan
5304,Chidatma
5305,Mandir
5306,Ramappan
5307,Biswa
5308,Jagan
5309,Razu
5310,Araf
5311,Tanish
5312,Kanika
5313,Manash
5314,Sayak
5315,Das
5316,Antarip
5317,Soron
5318,Bishesh
5319,Shabar
5320,Bashir
5321,Bajendra
5322,Bishambhar
5323,Jesan
5324,Mahabeer
5325,Jvalant
5326,Gihan
5327,Nail
5328,Byomkesh
5329,Naidu
5330,Babon
5331,Debraneel
5332,Mannan
5333,Utsav
5334,Krithikesh
5335,Riddhi
5336,Shmit
5337,Varesh
5338,Chiradeep
5339,Mihad
5340,Baalu
5341,Riki
5342,Chandreyi
5343,Tamoghna
5344,Adheerth
5345,Malcolm
5346,Ridey
5347,Maheran
5348,Bisal
5349,Ghajeshwar
5350,Arsil
5351,Adharv
5352,Nagar
5353,Dhananjay
5354,Prathamesh
5355,Nilambar
5356,Amdad
5357,Pandit
5358,Pulkit
5359,Dhananjoy
5360,Adikrit
5361,Rakib
5362,Baskar
5363,Syan
5364,Somya
5365,Porosh
5366,Nishan
5367,Yayati
5368,Trijit
5369,Abhisaar
5370,Mohipal
5371,Mukesh
5372,Meghraj
5373,Pranabesh
5374,Ratikanta
5375,Arhaan
5376,Saki
5377,Hemang
5378,Regan
5379,Hanif
5380,Preeth
5381,Mahil
5382,Bikrom
5383,Rajadhiraj
5384,Aakash
5385,Deboneel
5386,Akshoy
5387,Pragatesh
5388,Sohini
5389,Deben
5390,Pranob
5391,Harihar
5392,Suran
5393,Abdul
5394,Purab
5395,Hemonta
5396,Saheb
5397,Tanay
5398,Tanveer
5399,Harish
5400,Debopriyo
5401,Shuvom
5402,Sounit
5403,Dibeyendu
5404,Ravinda
5405,Jagrav
5406,Manit
5407,Shrish
5408,Chandraprakaash
5409,Devendrashika
5410,Shilpi
5411,Gourab
5412,Avishek
5413,Abhijith
5414,Binesh
5415,Mahedi
5416,Jahir
5417,Hridan
5418,Chamanlal
5419,Riyon
5420,Jalendra
5421,Ayon
5422,Khush
5423,Vaibhab
5424,Kamal
5425,Nimai
5426,Debadata
5427,Kabyansh
5428,Abhirup
5429,Saurabh
5430,Indrojeet
5431,Ritika
5432,DeviPrasad
5433,Nithish
5434,Irfan
5435,Mayoor
5436,Santush
5437,Dwipayan
5438,Setu
5439,Azher
5440,Ganadhakshya
5441,Ujan
5442,Bornomoy
5443,Kahiram
5444,Chittranjan
5445,Liton
5446,Sondip
5447,Debdhuti
5448,Akbar
5449,Ardhendu
5450,Maneesh
5451,Chari
5452,Ricky
5453,Raman
5454,Danuj
5455,Gurman
5456,Sobhit
5457,Dipal
5458,Mounabrata
5459,Sudhan
5460,Saleh
5461,Debonil
5462,Narayana
5463,Bedprakash
5464,Manorath
5465,Tridip
5466,Viplove
5467,Hemasagar
5468,Reya
5469,Debadrito
5470,Ghonoshyam
5471,Prodip
5472,Mallaiah
5473,Banshi
5474,Jashadhir
5475,Jatan
5476,Kamu
5477,Jaya
5478,Binoyraj
5479,Gowtham
5480,Monodeep
5481,Uditvanu
5482,Faiyaz
5483,Debashish
5484,Dwarakaa
5485,Vishal
5486,Tamra
5487,Monojit
5488,Nevan
5489,Sangam
5490,Chandrasekaran
5491,Mahi
5492,Bhudev
5493,Yameen
5494,Arabinda
5495,Ahin
5496,Dhruv
5497,Rajdip
5498,Siraj
5499,Nirendra
5500,Hariaksa
5501,Mansukh
5502,Sivans
5503,Asad
5504,Amrik
5505,Naga
5506,Neer
5507,Uddeshya
5508,Beeresh
5509,Shawn
5510,Inesh
5511,Prasanta
5512,Chandravadan
5513,Bhautesh
5514,Avkash
5515,Samy
5516,Arifiul
5517,Jay
5518,Nayeem
5519,Asmik
5520,Choton
5521,Darshon
5522,Hims
5523,Taihan
5524,Jayadeb
5525,Saan
5526,Buddha
5527,Sawkat
5528,Haihaya
5529,Yashobanta
5530,Tarak
5531,Bulbul
5532,Mriduk
5533,Masud
5534,Gokul
5535,Ailiya
5536,Sarafat
5537,Guneshwor
5538,Viraaj
5539,Daibik
5540,Moulik
5541,Shauvik
5542,Jivesh
5543,Suryo
5544,Chiranjibi
5545,Sonjit
5546,Mubtasim
5547,Pravanshu
5548,Trinity
5549,Joysrinath
5550,Punyakoti
5551,Anwar
5552,Mithin
5553,Abhisekh
5554,Abhradip
5555,Bhagya
5556,Zameer
5557,Bihari
5558,Siben
5559,Ayyan
5560,Pallav
5561,Kashfi
5562,Sayem
5563,Protik
5564,Vipin
5565,Akashdip
5566,Alomgir
5567,Sayeed
5568,Bivek
5569,Bibhutibhusan
5570,Shams
5571,Adrian
5572,Navraj
5573,Nirjhar-Nath
5574,Kamrul
5575,Shivay
5576,Bishwa
5577,Somdeb
5578,Iffat
5579,Divum
5580,Sudhit
5581,Sheel
5582,Priyojit
5583,Safal
5584,Sujen
5585,Tanmoy
5586,Abbal
5587,Sudhir
5588,Pranabendu
5589,Debanjoy
5590,Agendra
5591,Sanajit
5592,Hiran
5593,Rashid
5594,Jyotirmoy
5595,Mathew
5596,Debanga
5597,Ivaan
5598,Darshith
5599,Maksud
5600,Shafiq
5601,Nabhij
5602,Mahalingam
5603,Jilla
5604,Anjas
5605,Sheehan
5606,Poornanand
5607,Diptanshu
5608,Dharmen
5609,Shahbaz
5610,Dwip
5611,Bhagwanti
5612,Karimulla
5613,Aakhil
5614,Selvam
5615,Naeem
5616,Narendra
5617,Maharaja
5618,Kabya
5619,Nandi
5620,Suhail
5621,Avhiroop
5622,Nilratan
5623,Vardhan
5624,Bickrom
5625,Kapil
5626,Chandran
5627,Birandra
5628,Aditya
5629,Suroj
5630,Zaryab
5631,Anmol
5632,Viswanathan
5633,Tejendra
5634,Rafi
5635,Rajatabha
5636,Harivilas
5637,Pratima
5638,Ornob
5639,Adit
5640,Chottu
5641,Anil
5642,Sanman
5643,Sudhi
5644,Biswatosh
5645,Baidya
5646,Archan
5647,Tasim
5648,Vikat
5649,Nayyan
5650,Jhareshwar
5651,Rintu
5652,Manav
5653,Sosi
5654,Bansilal
5655,Pitambar
5656,Mahiya
5657,Uddhar
5658,Arnesh
5659,Shambhu
5660,Orko
5661,Abhiram
5662,Phaneesh
5663,Agastya
5664,Avishey
5665,Naagarjun
5666,Ayam
5667,Bisworup
5668,Shatik
5669,Bhupen
5670,Ponmudi
5671,Darshan
5672,Deboraj
5673,Devraaj
5674,Pyarelal
5675,Imtiaz
5676,Samridh
5677,Shahin
5678,Dahak
5679,Lila
5680,Patikrit
5681,Vaishnu
5682,Premasish
5683,Sisir
5684,Bimb
5685,Robishankar
5686,Karunaanidhi
5687,Pranadeep
5688,Kanaknarayan
5689,Abhra
5690,Taskin
5691,Pronit
5692,Debadas
5693,Himel
5694,Chunilal
5695,Samresh
5696,Vishwatma
5697,Sumana
5698,Anindo
5699,Hadi
5700,Faagnu
5701,Aar
5702,Kasinath
5703,Ahon
5704,Dhanwin
5705,Razak
5706,Diptikant
5707,Budhiman
5708,Bhuvaneswar
5709,Dharmaditya
5710,Sujay
5711,Biswajeet
5712,Rineet
5713,Aryann
5714,Dibyajyoti
5715,Prabodhan
5716,Vitaharya
5717,Debajeet
5718,Arunmoy
5719,Rafel
5720,Bishonath
5721,Gyanendu
5722,Sahasya
5723,Nilesh
5724,Bikarm
5725,Bishvanth
5726,Arihaan
5727,Imran
5728,Kinjal
5729,Riyyan
5730,Biraj
5731,Rabbi
5732,Souraj
5733,Mursalin
5734,Rishiraj
5735,Agam
5736,Sthir
5737,Fardin
5738,Poresh
5739,Deeganta
5740,Prabhava
5741,Bineet
5742,Hamir
5743,Akxay
5744,Nilay
5745,Praneeth
5746,Shihab
5747,Kamalesh
5748,Bhoomindra
5749,Mainak
5750,Prabin
5751,Brajagopal
5752,Manti
5753,Avantika
5754,Sufal
5755,Deeptimay
5756,Vinay
5757,Mohammed
5758,Devkishor
5759,Naveen
5760,Rohaan
5761,Nava
5762,Milon
5763,Pratul
5764,Raunaq
5765,Rohinish
5766,Rabilochan
5767,Toshan
5768,Anit
5769,Arjeet
5770,Naagpal
5771,Albab
5772,Avirup
5773,Jaidev
5774,Badree
5775,Arjesh
5776,Trirupam
5777,Arriyan
5778,Bivaan
5779,Samgram
5780,Darpak
5781,Mahin
5782,Nanu
5783,Ayana
5784,Mrinank
5785,Arkesh
5786,Nishinath
5787,Nilanjan
5788,Yug
5789,Sanjeeb
5790,Devo
5791,Bhabananda
5792,Shovon
5793,Srish
5794,Chandrabhushan
5795,Krusna
5796,Pinakin
5797,Shipon
5798,Ajmain
5799,Pravir
5800,Ridoy
5801,Santunu
5802,Jugesh
5803,Jibon
5804,Pataak
5805,Bajrangbali
5806,Sanny
5807,Madur
5808,Bishwant
5809,Sumant
5810,Saidul
5811,Partho
5812,Anan
5813,Bishal
5814,Talish
5815,Bhagirat
5816,Reehan
5817,Prasanth
5818,Anirban
5819,Magan
5820,Alif
5821,Ramani
5822,Sangit
5823,Biswas
5824,Singh
5825,Rutuparna
5826,Buddhadeva
5827,Amour
5828,Samrat
5829,DevNarayan
5830,Advay
5831,Maulesh
5832,Alagu
5833,Tiash
5834,Eshaal
5835,Billal
5836,Dev-Kumar
5837,Shuhan
5838,Tulsa
5839,Adript
5840,Thrilok
5841,Bikramaditya
5842,Fariz
5843,Nishwanth
5844,Sajin
5845,Tamilarasan
5846,Robindro
5847,Adhayan
5848,Rajibul
5849,Mrinmay
5850,Anirudh
5851,Fardeen
5852,Suajit
5853,Afraj
5854,Mandeep
5855,Shree
5856,Tirunarayan
5857,Murarilal
5858,Bhuneshwar
5859,Pujit
5860,Parimal
5861,Sourin
5862,Debapriyo
5863,Debeswar
5864,Akasha
5865,Mijan
5866,Nivrutti
5867,Boota
5868,Shantu
5869,Rafayet
5870,Jatin
5871,Ketan
5872,Khalid
5873,Rudradip
5874,Bhim
5875,Ashadul
5876,Kedar
5877,Anuttam
5878,Krithik
5879,Zahir
5880,Chakrapaani
5881,Mumtaz
5882,Alfaaz
5883,Rehan
5884,Asis
5885,Bhoori
5886,Annish
5887,Sree
5888,Rajel
5889,Digbijoy
5890,Kashif
5891,Kavinesh
5892,Jayashekhar
5893,Anowar
5894,Toha
5895,Hrisabh
5896,Sabira
5897,Hitesh
5898,Isheshvar
5899,Ovin
5900,Jnana
5901,Jayanto
5902,Devadas
5903,Ilango
5904,Bidyasagar
5905,Kaival
5906,Arien
5907,Kesarisut
5908,Heramba
5909,Vrishabhanu
5910,Brajender
5911,Runa
5912,Adwit
5913,Abishake
5914,Meer
5915,Anuroop
5916,Subash
5917,Usmaan
5918,Ranadip
5919,Adiyan
5920,Kaartikeya
5921,Biplap
5922,Buddhadeb
5923,Vivash
5924,Indradeep
5925,Adhrik
5926,Jaydev
5927,Nayak
5928,Parvin
5929,Geetesh
5930,Suman
5931,Gatha
5932,Shiraz
5933,Charudatta
5934,Debdoot
5935,Trisha
5936,Shapan
5937,Vidhun
5938,Vishwabhanu
5939,Zidan
5940,Hemdev
5941,Mampu
5942,Rhun
5943,Shiva
5944,Aladhar
5945,Sarman
5946,Nabyendu
5947,Bishnu
5948,Raj
5949,Udar
5950,Chiku
5951,Arko
5952,Enakshit
5953,Nilavan
5954,Dibyanshu
5955,Uddeepth
5956,Saswata
5957,Seva
5958,Diptaman
5959,Ornil
5960,Chaturaanan
5961,Debsankar
5962,Lohit
5963,Sohag
5964,Sivu
5965,Karunakar
5966,Bansi
5967,Nirajit
5968,Luv
5969,Yashashwi
5970,Rajarshee
5971,Prathmes
5972,Firdos
5973,Rigved
5974,Zaman
5975,Shamit
5976,Hastin
5977,Projit
5978,Bidya
5979,Rumay
5980,Dhansukh
5981,Nitai
5982,Hemansu
5983,Minesh
5984,Babin
5985,Numan
5986,Tihan
5987,Mangalmoy
5988,Lubdhak
5989,Ramanath
5990,Keshar
5991,Deekshant
5992,Anuja
5993,Kausik
5994,Madhur
5995,Riyansh
5996,Sumidh
5997,Ronit
5998,Uplaksh
5999,Mahit
6000,Priyak
6001,Hamid
6002,Maavalan
6003,Raza
6004,Nilanka
6005,Diljan
6006,Aloy
6007,Midul
6008,Shikha
6009,Vajrin
6010,Tapan
6011,Sava
6012,Amdadul
6013,Suvam
6014,Gaurinandan
6015,Surjo
6016,Tirthendu
6017,Arik
6018,Aziz
6019,Baisnab
6020,Bhargav
6021,Sarat
6022,Kanu
6023,Yusuf
6024,Manddhan
6025,Jitendra
6026,Kaibalya
6027,Jaz
6028,Misa
6029,Nayath
6030,Tasfiq
6031,Mizanur
6032,Padmal
6033,Raad
6034,Batu
6035,Basant
6036,Bhavdeep
6037,Lalitmohan
6038,Mehedi
6039,Gaureeshankar
6040,Sumeet
6041,Indresh
6042,Ahsan
6043,Arnik
6044,Tulu
6045,Jacki
6046,Adan
6047,Niroj
6048,Krishanku
6049,Meghdutt
6050,Yagyesh
6051,Ahona
6052,Jeet
6053,Sambhu
6054,Krishan
6055,Ankan
6056,Shujan
6057,Dipankor
6058,Mujahid
6059,Sridam
6060,Roknir
6061,Taushif
6062,Paraikshit
6063,Suraj
6064,Bonomali
6065,Bipradhar
6066,Biplav
6067,Atikur
6068,Sahid
6069,Atish
6070,Rohon
6071,Jisnu
6072,Sparsh
6073,Bedabrata
6074,Badgar
6075,Gopan
6076,Saurik
6077,Chandrabhana
6078,Afzal
6079,Rudraneel
6080,Devbrat
6081,Sahara
6082,Baibhav
6083,Jamil
6084,Mahik
6085,Bikas
6086,Garjan
6087,Armaan
6088,Akhilesh
6089,Jagedish
6090,Ridhiman
6091,Pranoy
6092,Abhigyan
