,female
0,Dipawali
1,Nilaya
2,Shaboni
3,Savli
4,Sabida
5,Maitreyi
6,Anustha
7,Nivasi
8,Veidika
9,Suriya
10,Nafia
11,Roopali
12,Aarya
13,Dhanya
14,Kiran
15,Aaishi
16,Bhagyasree
17,RatnaBala
18,Bhagyabati
19,Fouzia
20,Satabdi
21,Shyam
22,Pronoti
23,Poornima
24,Rufaida
25,Amal
26,Ankana
27,Faria
28,Nikhilesh
29,Queen
30,Devycka
31,Raeema
32,Shantta
33,Drishyaa
34,Bhanumati
35,Ojasvati
36,Sanvika
37,Riti
38,Neelam
39,Basanti
40,Mishrakeshi
41,Preethi
42,Pritha
43,Nimaiti
44,Nurtaz
45,Shraya
46,Bisnupriya
47,Parijat
48,Pranali
49,Ajit
50,Bharati
51,Dhanashri
52,Radiah
53,Bansari
54,Prithula
55,Prayerna
56,Dhwoni
57,Anubha
58,Praffula
59,Kousheyi
60,Annu
61,Isa
62,Manowara
63,Rabbina
64,Sarla
65,Venya
66,Rumki
67,Chaetrah
68,Manshvee
69,Niladri
70,Parnoshri
71,Kala
72,Sharini
73,Sohra
74,Anya
75,Mousham
76,Upma
77,Ratnabali
78,Nasrin
79,Monai
80,Biswajyoti
81,Mahika
82,Neeraja
83,Agomoni
84,Moupiya
85,Pratheepa
86,Shipra
87,Sangami
88,Parishmita
89,Heena
90,Mimi
91,Tillotama
92,Progati
93,Adarsh
94,Ahijit
95,Prajukta
96,Sitara
97,Ramra
98,Mahera
99,Pritti
100,Saryu
101,Aanuska
102,Vishva
103,Naytika
104,Rachna
105,Atrisha
106,Tanika
107,Prisa
108,Nootan
109,Garima
110,Aniksha
111,Ratry
112,Fulbati
113,Tunisha
114,Nilanjita
115,Asenur
116,Aktari
117,Kabyashree
118,Shlok
119,Nirmola
120,Pritusha
121,Nirjara
122,Raaida
123,Shrima
124,Asmeeta
125,Rangoli
126,Kanasu
127,Prabha
128,Padmashri
129,Ruhaina
130,Monir
131,Ashtu
132,Niku
133,Manorathi
134,Mohita
135,Rumina
136,Nilakshi
137,Bashonti
138,Reetisha
139,Niva
140,Kritisha
141,Raji
142,Debangee
143,Chitta
144,Manomati
145,Sabnur
146,Vilashi
147,Kuyil
148,Durra
149,Susa
150,Bimala
151,Moumita
152,Maksuda
153,Khyati
154,Dyumna
155,Ishu
156,Prithika
157,Basanty
158,Mausami
159,Ramisa
160,Bhakti
161,Hemavati
162,Vidya
163,Maya
164,Moon
165,Soumie
166,Debangana
167,Rimpee
168,Deepika
169,Ranjumoni
170,Labannya
171,Sanya
172,Payaliya
173,Rijia
174,Rita
175,Abhijata
176,Binayaka
177,Jignasa
178,Janeen
179,Suhi
180,Gayetri
181,Anshi
182,Jhuma
183,Mithi
184,Mehjabeen
185,Sairin
186,Salma
187,Ajamukhi
188,Reeshika
189,Baishnabee
190,Ajanta
191,Kakuli
192,Poulami
193,Rimjhim
194,Akheela
195,Shreeti
196,Jahnabi
197,Unzila
198,Neelanjana
199,Srija
200,Ablaa
201,Piku
202,Jaisnavi
203,Krisna
204,Sadida
205,Mampi
206,Ruponti
207,Harshini
208,Lajwanti
209,Rushika
210,Tajmira
211,Kavitha
212,Runita
213,Dritika
214,Hanshika
215,Monomita
216,Sanoja
217,Riyana
218,Mansi
219,Kousilya
220,Aurin
221,Aabira
222,Sobnom
223,Bhabya
224,Pushpita
225,Naitri
226,Swaty
227,Devangi
228,Nihar
229,Wasfia
230,Ziyanshi
231,Rijita
232,Anantha
233,Sanriya
234,Kilimoli
235,Kokila
236,Tanna
237,Jana
238,Sansita
239,Medhya
240,Parna
241,Gulab
242,Sahely
243,Alifa
244,Simu
245,Rhyah
246,Nitumoni
247,Boishakhi
248,Prith
249,Kritika
250,Sanchit
251,Chandni
252,Bijayalaxmi
253,Himadrika
254,Joyeeta
255,Kurangi
256,Sayna
257,Annya
258,Agrisa
259,Akhi
260,Sujata
261,Ishvara
262,Esh
263,Aas
264,Nafisa
265,Trikaya
266,Richita
267,Oisha
268,Ojasvi
269,Atoshi
270,Jital
271,Shawoni
272,Sajina
273,Ana
274,Aakarsha
275,Sharmi
276,Nithee
277,Hitaisshi
278,Rinki
279,Ritu
280,Parbati
281,Ovili
282,Laharika
283,Iyonika
284,Swatie
285,Debashri
286,Pratoshi
287,Bahnishika
288,Sreela
289,Jiana
290,Ushasi
291,Jeeyanshu
292,Prakiti
293,Seema
294,Srenu
295,Vinmayi
296,Jibone
297,Rishav
298,Kankanika
299,Arjita
300,Anjaley
301,Upashona
302,Trisna
303,Navaneeta
304,Pamposh
305,Vennala
306,Resmina
307,Recika
308,Rupaley
309,Arti
310,Kohinoor
311,Dhanvi
312,Daiwika
313,Shanaya
314,Bjayalaxmi
315,Shohana
316,Banasree
317,Netra
318,Jabin
319,Sunita
320,Madhuvanthi
321,Sabari
322,Dibyanka
323,Satvi
324,Churni
325,Ashrofi
326,Neethu
327,Pujaa
328,Bani
329,Mritsha
330,Rushita
331,Yasvi
332,Purva
333,Prabisha
334,Bijal
335,Rain
336,Naina
337,Shayoni
338,Jogita
339,Vahinee
340,Sonaxi
341,Prashmitha
342,Priyangsha
343,Shawani
344,Kalsundari
345,Debashis
346,Silpi
347,Arijita
348,Kannakee
349,Porinita
350,Usmi
351,Trina
352,Hansuja
353,Harshitha
354,Bhagyawati
355,Neha
356,Nuha
357,Raifa
358,Sayaree
359,Shaline
360,Joshna
361,Anshu
362,Durga
363,Tridipta
364,Yolotzyn
365,Tejashvi
366,Prianka
367,Torsha
368,Prinsha
369,Nilaxshi
370,Joyasree
371,Boni
372,Rhoma
373,Meholi
374,Adhisha
375,Trinetri
376,Rupanjana
377,Najma
378,Almirah
379,Mrinal
380,Sujana
381,Mahima
382,Shrija
383,Anamika
384,Grishma
385,Mitasri
386,Tsondra
387,Vineeta
388,Nilutha
389,Malinie
390,Jagamohini
391,Kamna
392,Aumi
393,Gia
394,Shoumo
395,Sanjh
396,Zareen
397,Taposhree
398,Chitrita
399,Aneeha
400,Humaysha
401,Toshani
402,Usha
403,Tamasree
404,Rusmi
405,Viharikaa
406,Aindri
407,Rinkoo
408,Addrita
409,Purwee
410,Kinnary
411,Priyasu
412,Kanta
413,Gurpraveen
414,Barnali
415,Polaksi
416,Dibyadeep
417,Kongona
418,Lamisa
419,Raita
420,Maushami
421,Rumee
422,Debdyutee
423,Sairiki
424,Tilottma
425,Zaya
426,Dheera
427,Seuli
428,Konika
429,Ratri
430,Kreetika
431,Nainika
432,Amalika
433,Mahasri
434,Tapashi
435,Nibedita
436,Yeasin
437,Chellam
438,Rachanna
439,Tattva
440,Purbasa
441,Nehha
442,Jasobanti
443,Rupmika
444,Tiasa
445,Tridiva
446,Ansh
447,Tista
448,Afrina
449,Manorama
450,Protiva
451,Bijayini
452,Sarbani
453,Mousomy
454,Priyanta
455,Ankhi
456,Maarifa
457,Rubani
458,Tania
459,Akalpa
460,Raksha
461,Girija
462,Hrittika
463,Sanju
464,Ekota
465,Jhinku
466,Babai
467,Vishrutha
468,Balamani
469,Adya
470,Aparupa
471,Bhawani
472,Aritri
473,Deval
474,Madhubani
475,Sarani
476,Himadhri
477,Prajakta
478,Biriya
479,Jaheeda
480,Puneet
481,Shanya
482,Teetash
483,Hrishita
484,Karsika
485,Tanishaa
486,Onidipa
487,Fiya
488,Erina
489,Rajvika
490,Preriya
491,Trivenitha
492,Dharsika
493,Mahitha
494,Moutushi
495,Bishaka
496,Mahuya
497,Jhara
498,Iti
499,Bebo
500,Rimu
501,Diksha
502,Ranjna
503,Boisali
504,Barnita
505,Mayna
506,RajLakshmi
507,Tonika
508,Vrushalini
509,Paulami
510,Chakrika
511,Devyanshi
512,Srima
513,Saavan
514,Preesa
515,Debjani
516,Kashiska
517,Kabyashri
518,Manda
519,Rownok
520,Paramesh
521,Bhagirothi
522,Pratha
523,Shifa
524,Bijoli
525,Antika
526,Chndra
527,Ruhanika
528,Kanti
529,Salu
530,Jagravi
531,Zikra
532,Kobita
533,Debasri
534,Rajyashree
535,Saumi
536,Indrina
537,Arsha
538,Ishrath
539,Gitashree
540,Aashni
541,Mini
542,Vidyulatha
543,Mamatha
544,Abhisri
545,Shrimoi
546,Naiza
547,Pavi
548,Maheshwari
549,Baijayanti
550,Dheeraj
551,Nasima
552,Jhunu
553,Nabashree
554,Pronati
555,Rajasmita
556,Dibyanshi
557,Vidisha
558,Zarifa
559,Brihaspati
560,Manika
561,Zuleika
562,Redhoy
563,Urshita
564,Adaya
565,Prajna
566,Tejasvini
567,Champabati
568,Banishri
569,Shilpa
570,Nahreen
571,Vanitha
572,Kalyani
573,Joba
574,Krithvi
575,Vanita
576,Mrinmita
577,Tarika
578,Dakshina
579,Laila
580,Gangotri
581,Harusha
582,Angira
583,Charumati
584,Rimpa
585,Inbavalli
586,Abri
587,Tasfiah
588,Mahek
589,Dhashanthi
590,Mahabuba
591,Runu
592,Shourya
593,Sanjana
594,Rumeli
595,Sunena
596,Bhavya
597,Bashita
598,Priyangi
599,Bhagabati
600,Rambati
601,Roshna
602,Manaka
603,Ruthika
604,Bhavika
605,Shruti
606,Jhuli
607,Mehr
608,Naisa
609,Kundan
610,Dolly
611,Dijani
612,Debina
613,Vidita
614,Ayesha
615,Ihana
616,Saina
617,Dipanjalee
618,Drutika
619,Vijayalaxmi
620,Karisma
621,Chandrika
622,Nijwra
623,Kabisha
624,Rupsri
625,Panchi
626,Aronya
627,Tanni
628,Tsitra
629,Munmun
630,Forina
631,Brishtee
632,Akrant
633,Jaiwanti
634,Yogita
635,Mohua
636,Deeparna
637,Gopa
638,Gyanendri
639,Jayantika
640,Dighi
641,Jaima
642,Reboti
643,Ritee
644,Sanu
645,Tritha
646,Preksha
647,Uttra
648,Pupul
649,Ilina
650,Urvi
651,Ojaswini
652,Sarvani
653,Nioti
654,Leela
655,Sati
656,Shaily
657,Poorvaganga
658,Rabhi
659,Ojaswati
660,Nirmal
661,Jessy
662,Jayani
663,Jyotsana
664,Bizly
665,Pintu
666,Munmon
667,Jyotisha
668,Aamisha
669,Rohini
670,Neelaja
671,Prayosha
672,Mansura
673,Gayetree
674,Anu
675,Prashanta
676,Bijainee
677,Asiana
678,Joysri
679,Dristi
680,Rochita
681,Damiyanti
682,Uttara
683,Sajee
684,Ayra
685,Deepansha
686,Shahera
687,Tithy
688,Mihrima
689,Raysa
690,Gopalan
691,Mehuli
692,Jyoti
693,Tusi
694,Lupa
695,Ojmana
696,Moulisa
697,Rajdipa
698,Viveka
699,Nivati
700,Nividita
701,Sowmya
702,Ameera
703,Lipi
704,Adrishi
705,Kaveri
706,Vristi
707,Chandravathi
708,Pronitah
709,Palash
710,Kanishta
711,Sriya
712,Brojogopi
713,Saneh
714,Varanya
715,Sujoy
716,Mosumi
717,Bedita
718,Aadrisa
719,Manisila
720,Trijeeta
721,Priyanka
722,Tisha
723,Rona
724,Moumon
725,Moniya
726,Nabanita
727,Trijagati
728,Mohini
729,Smiha
730,Shagun
731,Laghima
732,Banalata
733,Sonai
734,Pavaki
735,Manisa
736,Gitoshree
737,Rajashree
738,Ulka
739,Supu
740,Prinaka
741,Shrdha
742,Shaira
743,Ayanita
744,Somita
745,Humasha
746,Kinsha
747,Chandrakali
748,Kukur
749,Mounika
750,Nishrita
751,Sumy
752,Sindhu
753,Zaeema
754,Vainavi
755,Kirthna
756,RashmiRekha
757,Chaaru
758,Geetha
759,Rachyati
760,Manabika
761,Sadad
762,Darsheeta
763,Tapas
764,Najrana
765,Mashfika
766,Monideepa
767,Dhanush
768,Praagya
769,Mayurakhshi
770,Shanu
771,Pampa
772,Aaradha
773,Vahani
774,Ussala
775,Sweeta
776,Triparna
777,Drshti
778,Tumpa
779,Elina
780,Kavyasri
781,Arindam
782,Rupmala
783,Aindrila
784,Prajaya
785,Ridhima
786,Romena
787,Tamasha
788,Diboshmita
789,Shafrin
790,Shefali
791,Chaetaley
792,Ipseata
793,Sanjida
794,Gandhali
795,Tanuka
796,Nasiba
797,Ushmil
798,Ruma
799,Tofsina
800,Jagadakshi
801,Eshanika
802,Hemal
803,Nabannya
804,Oditi
805,Damayantee
806,Gagan
807,Prahi
808,Suhagi
809,Ruhiza
810,Salinee
811,Kashama
812,Chandramoli
813,Sadhya
814,Poulomi
815,Kawthar
816,Vichithra
817,Nikki
818,Lakhhi
819,Debanjali
820,Abhimoda
821,Priyaka
822,Taposhi
823,Najat
824,Ishrat
825,Jyothi
826,Rinita
827,Sarika
828,Ankira
829,Kirtana
830,Pritilata
831,Shoma
832,Munira
833,Prarthita
834,Ushasie
835,Poorva
836,Arit
837,Sudena
838,Rushdah
839,Pratyusa
840,Anjli
841,Aloki
842,Rupsita
843,Rupsi
844,Monorama
845,Kirthi
846,Lilabati
847,Saby
848,Mohit
849,Ishasree
850,Ritkriti
851,Riju
852,Rafia
853,Saroda
854,Titir
855,Gowravi
856,Debangi
857,Maushmi
858,Yaamoli
859,Pabitra
860,Ruparna
861,Adity
862,Mayurika
863,Rajonyaa
864,Rafsa
865,Asin
866,Roshika
867,Adritha
868,Priyansha
869,Zaara
870,Krishanu
871,Gitanjali
872,Eeshita
873,Sony
874,Thahiya
875,Mihika
876,Rolly
877,Jessica
878,Meet
879,Jamima
880,Akchra
881,Monosree
882,Dhurjati
883,Brojbala
884,Palak
885,Debajani
886,Gowri
887,Salima
888,Mubassira
889,Tasneem
890,Rupalika
891,Nimiksha
892,Resika
893,Yatee
894,Drishani
895,Rufayda
896,Ekra
897,Thanjuma
898,Rohana
899,Annesha
900,Mahira
901,Jayalalita
902,Antini
903,Jagadeeshwari
904,Dixita
905,Parmita
906,Aadra
907,Kejal
908,Rasha
909,Jinnat
910,Eenakshi
911,Jayita
912,Naroga
913,Putul
914,Purnima
915,Ali
916,Inaaya
917,Ruminah
918,Drithy
919,Rasmita
920,Jhimlee
921,Debaki
922,Deepshi
923,Banhisikha
924,Pradipta
925,Jagratee
926,Sajia
927,Akhshara
928,Saranya
929,Thooya
930,Sarif
931,Sadgati
932,Saimita
933,Arifa
934,Rachanaa
935,Jori
936,Jalapa
937,Payali
938,Protsahi
939,Ihaa
940,Meherun
941,Nondita
942,Rajoshi
943,Chinnamal
944,Viraja
945,Tanu
946,Eshika
947,Sagari
948,Tonuja
949,Laxmimani
950,Diyara
951,Zafrina
952,Mana
953,Sestha
954,Bedisha
955,Kyra
956,Chandana
957,Mahisri
958,Roohika
959,Suji
960,Priteeka
961,Begum
962,Rubayna
963,Rupna
964,Debashruti
965,Vibhavasri
966,Shila
967,Sarzina
968,Hrushikaa
969,Senjuti
970,Dipeshi
971,Darsha
972,Priyonka
973,Darshana
974,Tiana
975,Prathna
976,Ditya
977,Rideta
978,Minaxi
979,Popy
980,Agriya
981,Mili
982,Deblina
983,Keshori
984,Princess
985,Kalika
986,Dipali
987,Kamala
988,Kirina
989,Prapti
990,Ansika
991,Deepana
992,Papai
993,Akhila
994,Palky
995,Mehraz
996,Sibani
997,Swara
998,Dakshani
999,Monobrata
1000,Bhushita
1001,Dhuka
1002,Chandra
1003,Bandhana
1004,Sadia
1005,Jayesha
1006,Rihansi
1007,Kuhu
1008,Mounami
1009,Debyanka
1010,Mitthi
1011,Nishikanta
1012,Anwesa
1013,Tawshi
1014,Sristi
1015,Priontika
1016,Abhirupa
1017,Mega
1018,Inimoli
1019,Sarit
1020,Parul
1021,Nobonita
1022,Samrina
1023,Daksha
1024,Astomi
1025,Bhilangana
1026,Roopshika
1027,Tejashree
1028,Lohori
1029,Tannistha
1030,Varisha
1031,Rini
1032,Indulekha
1033,Ansha
1034,Buvika
1035,Shorna
1036,Arimita
1037,Sargini
1038,Eshitha
1039,Agamadhi
1040,Sohani
1041,Mahzuza
1042,Karnika
1043,Susoma
1044,Briana
1045,Devanshi
1046,Dhuthi
1047,Jotika
1048,Tridisha
1049,Dhrishya
1050,Benazir
1051,Shivoni
1052,Taufika
1053,Pinakini
1054,Ghaada
1055,Dheyanshi
1056,Resma
1057,Tamojita
1058,Tanusri
1059,Urboshi
1060,Darpan
1061,Lalita
1062,Bhagyshee
1063,Pracheeta
1064,Abanty
1065,Khageswari
1066,Vanushna
1067,Suwali
1068,Rosmila
1069,Siwani
1070,Vakula
1071,Debasma
1072,Parvati
1073,Mishika
1074,Bidasha
1075,Swetha
1076,Triya
1077,Jayaswini
1078,Musfika
1079,Teja
1080,Trishana
1081,Rupa
1082,Maheema
1083,Bemala
1084,Debasrito
1085,Absara
1086,Aneeta
1087,Munna
1088,Proma
1089,Nijumoni
1090,Tasnim
1091,Aysa
1092,Momtahina
1093,Needhi
1094,Manasi
1095,Suravi
1096,Priyam
1097,Liana
1098,Sashti
1099,Shirsa
1100,Tiya
1101,Rameshwari
1102,Akchaya
1103,Ardha
1104,Yogeeta
1105,Zilmil
1106,Vani
1107,Rinu
1108,Mangala
1109,Dali
1110,Tamima
1111,Banti
1112,Iraira
1113,Habi
1114,Samar
1115,Urwashi
1116,Rajeshwari
1117,Prasana
1118,Ajju
1119,Sawana
1120,Gitasree
1121,Sumuna
1122,Sri
1123,Mamta
1124,Utpala
1125,Roshani
1126,Zain
1127,Bilasi
1128,Gaytri
1129,Monka
1130,Honnesha
1131,Rudrakshi
1132,Haribala
1133,Saritah
1134,Num
1135,Santosh
1136,Sampa
1137,Lagnajita
1138,Hitashri
1139,Aape
1140,Saumyi
1141,Ecchumati
1142,Dimbeswari
1143,Sabitry
1144,Avipsha
1145,Minakshi
1146,Jahra
1147,Kashfiya
1148,Aiswarya
1149,Anushi
1150,Deepasree
1151,Hridoy
1152,Perveen
1153,Trahi
1154,Lucky
1155,Jharna
1156,Achala
1157,Priyal
1158,Toslima
1159,Pratyeksha
1160,Urmila
1161,Radhiyaa
1162,Suhana
1163,Bhavyasri
1164,Prakriti
1165,Jesi
1166,Odzonta
1167,Arahi
1168,Vivan
1169,Debatri
1170,Vishwajita
1171,Yogini
1172,Adriene
1173,Flor
1174,Shilpu
1175,Ramya
1176,Priyangana
1177,Panchomi
1178,Yoshoda
1179,Mythli
1180,Indra
1181,Harsu
1182,Abony
1183,Brijita
1184,Asmina
1185,Grihalakshmi
1186,Jannatun
1187,Aiza
1188,Niveditta
1189,Oishini
1190,Hinda
1191,Omika
1192,Thanu
1193,Adwiteya
1194,Reena
1195,Priyantee
1196,Ratnisha
1197,Shvita
1198,Zahera
1199,Dhrity
1200,Iftia
1201,Bhargovi
1202,Sagun
1203,Diptasree
1204,Sraosi
1205,Aadrity
1206,Nazrana
1207,Ritisa
1208,Mriduka
1209,Purneema
1210,Rubaiya
1211,Rumaya
1212,Samapti
1213,Ilampirai
1214,Shreta
1215,Nitya
1216,Eza
1217,Richa
1218,Pousani
1219,Twisha
1220,Jeeteshi
1221,Myshaa
1222,Nilankana
1223,Tasu
1224,Rajanti
1225,Prateeksha
1226,Ahalya
1227,Gayatri
1228,Radia
1229,Veera
1230,Selia
1231,Dhvisha
1232,Panya
1233,Nazrin
1234,Deepanjana
1235,Ujjwal
1236,Ruhanica
1237,Surovi
1238,Prathvi
1239,Sharmee
1240,Bidisa
1241,Joyosri
1242,Kanchan
1243,Dibyendu
1244,Niya
1245,Ismita
1246,Prova
1247,Alina
1248,Amrusha
1249,Gourvi
1250,Aakansha
1251,Visala
1252,Gopika
1253,Ira
1254,Tamadrita
1255,Hridhee
1256,Rituja
1257,Angee
1258,Rishmita
1259,Vidvanshi
1260,Rajrupa
1261,Drisana
1262,Tannishtha
1263,Pollavi
1264,Shamoly
1265,Yuvakshi
1266,Marjia
1267,Bhalo
1268,Prachi
1269,Anuhi
1270,Amina
1271,Binay
1272,Mriduni
1273,Khushbakht
1274,Mrithsa
1275,Reha
1276,Uttam
1277,Ruchi
1278,Rayna
1279,Vedavathi
1280,Udisha
1281,Papry
1282,Akalbir
1283,Prathana
1284,Reth
1285,Piuli
1286,Sharda
1287,Maanasa
1288,Diproja
1289,Akand
1290,Pal
1291,Jignisa
1292,Sruti
1293,Hasina
1294,Ariman
1295,Udarika
1296,Sanjna
1297,Pahari
1298,Bini
1299,Shomili
1300,Arjina
1301,Omrita
1302,Shreea
1303,Aritraa
1304,Chirosree
1305,Pritama
1306,Tanaz
1307,Bhuvaneshi
1308,Ridhita
1309,Medhashree
1310,Samia
1311,Priya
1312,Som
1313,Dhwani
1314,Shomika
1315,Taria
1316,Anwitha
1317,Chandira
1318,Radhika
1319,Baishnavi
1320,Preshana
1321,Dipasha
1322,Gambirini
1323,Pritisha
1324,Shravni
1325,Julie
1326,Devarupa
1327,Jasum
1328,Surbh
1329,Truptimayee
1330,Surya
1331,Zora
1332,Natiksha
1333,Debanshu
1334,Somika
1335,Sayari
1336,Alisba
1337,Saziya
1338,Nairiti
1339,Lajja
1340,Sandeep
1341,Abhipsa
1342,Maliha
1343,Biswashree
1344,Shakera
1345,Delishaa
1346,Dibyashree
1347,Papri
1348,Malabika
1349,Urmee
1350,Zubin
1351,Priyansi
1352,Nibriti
1353,Zana
1354,Benisha
1355,Munita
1356,Deeptimoyee
1357,Chira
1358,Rakhi
1359,Hemlota
1360,Yashaswi
1361,Ritosree
1362,Himanya
1363,Swapan
1364,Poovarasi
1365,Anarul
1366,Ruhisha
1367,Mukta
1368,Aswini
1369,Aishini
1370,Tasnia
1371,Shehla
1372,Tusara
1373,Bhupali
1374,Krisika
1375,Alobhini
1376,Rudrani
1377,Dipshri
1378,Hansika
1379,Dinuja
1380,Tatai
1381,Ayushka
1382,Malaya
1383,Ritija
1384,Pushpanita
1385,Panchali
1386,Dristy
1387,Sanvi
1388,Methli
1389,Sanjara
1390,Hemangie
1391,Ritishna
1392,Indira
1393,Karuna
1394,Nopur
1395,Loxmi
1396,Shushma
1397,Thasrirp
1398,Piyal
1399,Skanda
1400,Aporna
1401,Nilani
1402,Monjushree
1403,Maitry
1404,Rupsha
1405,Pushpalata
1406,Barsha
1407,Chaaya
1408,Tejashwini
1409,Mishmi
1410,Lado
1411,Julima
1412,Evan
1413,Punita
1414,Prosita
1415,Adipta
1416,Drishya
1417,Jasmine
1418,Gudiya
1419,Afrida
1420,Artika
1421,Adhishri
1422,Udeshna
1423,Mrunalini
1424,Sampana
1425,Bebika
1426,Aadea
1427,Oma
1428,Debottama
1429,Ayusi
1430,Ruplekha
1431,Pieu
1432,Piyu
1433,Manjula
1434,Zafnah
1435,Aruja
1436,Janvi
1437,Nilmony
1438,Hansanandini
1439,Ibtihaaj
1440,Kripa
1441,Vrishti
1442,Vasuki
1443,Zamima
1444,Anavi
1445,Attyaza
1446,Chris
1447,Turvi
1448,Ushashi
1449,Proxima
1450,Phulkumari
1451,Rajdita
1452,Runi
1453,Debna
1454,Trinayan
1455,Jayne
1456,Prabhas
1457,Bidyashree
1458,Shiwani
1459,Doyel
1460,Asma
1461,Fardina
1462,Awanti
1463,Damini
1464,Parikrama
1465,Vishwaja
1466,Amol
1467,Deepashikha
1468,Tahira
1469,Pratiusha
1470,Durmika
1471,Raha
1472,Charula
1473,Priyadarshini
1474,Ranjit
1475,Debashreeta
1476,Bornita
1477,Ruddela
1478,Sumoni
1479,Malobika
1480,Chandrabali
1481,Somana
1482,Dibyani
1483,Meher
1484,Rupal
1485,Fairy
1486,Zesha
1487,Aashiya
1488,Ranita
1489,Savarna
1490,Jaytri
1491,Siddhi
1492,Lochana
1493,Fairooz
1494,Rukhmani
1495,Neelambari
1496,Menka
1497,Gunabanti
1498,Ajaata
1499,Sefhali
1500,Hemanthi
1501,Anubala
1502,Adwika
1503,Dilan
1504,Dibyangana
1505,Debolina
1506,Monalisha
1507,Anupa
1508,Saha
1509,Pallabika
1510,Aayanshi
1511,Surima
1512,Dulhan
1513,Bakhtawar
1514,Suvom
1515,Kripamoye
1516,Nandika
1517,Madhuparna
1518,Champika
1519,Indrani
1520,Riha
1521,Rose
1522,Tashana
1523,Rangan
1524,Basistha
1525,Asmika
1526,Rukayat
1527,Moli
1528,Oormila
1529,Orchi
1530,Trishika
1531,Amba
1532,Anvita
1533,Ipsa
1534,Koushani
1535,Tapasree
1536,Shaku
1537,Princika
1538,Kunshi
1539,Sudha
1540,Dipamani
1541,Shelly
1542,Shan
1543,Riaana
1544,Tiasha
1545,Snigda
1546,Protikha
1547,Daliya
1548,Mani
1549,Abhimani
1550,Kanan
1551,Banumathy
1552,Tasmia
1553,Akina
1554,Triyasa
1555,Mamata
1556,Sila
1557,Rituporna
1558,Megha
1559,Guru
1560,Bula
1561,Preyoshi
1562,Mohana
1563,Pratika
1564,Riana
1565,Fullara
1566,Puspanjoli
1567,Trishani
1568,Samaira
1569,Pragoti
1570,Naesha
1571,Dayeeta
1572,Aadarika
1573,Sheshi
1574,Jagadambika
1575,Adrisha
1576,Kautirya
1577,Lata
1578,Bhuchitra
1579,Neharika
1580,Moubani
1581,Gehna
1582,Devamati
1583,Roumita
1584,Varsh
1585,Anneswa
1586,Bonnie
1587,Raizel
1588,Charuprabha
1589,Parinita
1590,Anupoma
1591,Eva
1592,Debodrita
1593,Varenya
1594,Ahoona
1595,Vismaya
1596,Wali
1597,Debsita
1598,Jeevanlata
1599,Sorna
1600,Aaravi
1601,Harshana
1602,Sabnam
1603,Mauli
1604,Sreea
1605,Aadorika
1606,Suchi
1607,Taufica
1608,Pinki
1609,Protiksha
1610,Maitrayee
1611,Munia
1612,Runjun
1613,Kanchani
1614,Atika
1615,Sairiti
1616,Leelamayee
1617,Darshini
1618,Pujita
1619,Annika
1620,Heti
1621,Magana
1622,Udita
1623,Tanshu
1624,Urmilla
1625,Videha
1626,Janessa
1627,Govindi
1628,Dibangona
1629,Deepangana
1630,Manushree
1631,Nillanjana
1632,Naksha
1633,Bandanna
1634,Vedhasya
1635,Batool
1636,Ranjika
1637,Bonita
1638,Nanmani
1639,Garati
1640,Surma
1641,Sayoni
1642,Apoorva
1643,Samutha
1644,Heera
1645,Mithali
1646,Adila
1647,Sugata
1648,Sruthi
1649,Mouna
1650,Shumona
1651,Drithika
1652,Yoshika
1653,Rupaly
1654,Pruthvi
1655,Hafsa
1656,Himika
1657,Prathama
1658,Jayati
1659,Riyansika
1660,Tanzeema
1661,Nobokumar
1662,Bivasa
1663,Krishna
1664,Lopa
1665,Illa
1666,Arjeena
1667,Akshaya
1668,Piyasa
1669,Bhawati
1670,Prottasha
1671,Bijendri
1672,Sabah
1673,Suvana
1674,Leshya
1675,Ashmita
1676,Mamoni
1677,Titiksha
1678,Kundini
1679,Rishita
1680,Shomay
1681,Harinee
1682,Vasuma
1683,Deekshika
1684,Debadyuti
1685,Maitreyee
1686,Debyani
1687,Diba
1688,Sovona
1689,Vedanshi
1690,Seba
1691,Dakshakanya
1692,Vaibavi
1693,Silpa
1694,Safana
1695,Chirasree
1696,Vishnupriya
1697,Rhia
1698,Urvashi
1699,Prolasha
1700,Reasma
1701,Eati
1702,Saashi
1703,Devnita
1704,Homaira
1705,Sampita
1706,Jiara
1707,Devaduti
1708,Kushbu
1709,Ayuli
1710,Chitrah
1711,Toshita
1712,Mehnur
1713,Malti
1714,Aradha
1715,Siya
1716,Binu
1717,Vaividya
1718,Bhavna
1719,Mouchumi
1720,Prassanta
1721,Avisri
1722,Smruti
1723,Bihipa
1724,Jiniya
1725,Mahajabin
1726,Saumya
1727,Vishruti
1728,Durwa
1729,Archna
1730,Patrakshi
1731,Aabonti
1732,Saira
1733,Onuly
1734,Mitu
1735,Agnita
1736,Areej
1737,Doli
1738,Meghatri
1739,Katayani
1740,Maha-Lakshmi
1741,Debanki
1742,Lilima
1743,Anusuya
1744,Hridi
1745,Dayamay
1746,Ruthvika
1747,Bhoomi
1748,Jayadri
1749,Borsha
1750,Adrity
1751,Yashashwini
1752,Kalpita
1753,Omila
1754,Jotshana
1755,Eshta
1756,Arshaa
1757,Rohane
1758,Nirja
1759,Meenal
1760,Aliviya
1761,Bhumica
1762,Benu
1763,Kamalini
1764,Harinie
1765,Ananta
1766,Himagouri
1767,Dharaa
1768,Narmatha
1769,Prithibi
1770,Ijipta
1771,Heerkani
1772,Meenakshee
1773,Hridaya
1774,Basantakumari
1775,Ishi
1776,Piyuli
1777,Chitrathi
1778,Phulmoni
1779,Pallavi
1780,Viswaja
1781,Roop
1782,Shanin
1783,Joel
1784,Umaa
1785,Sanvee
1786,Gira
1787,Kuntalika
1788,Omyaa
1789,Dipasree
1790,Milan
1791,Fhira
1792,Naborupa
1793,Maniesha
1794,Molina
1795,Varsika
1796,Gayana
1797,Nayna
1798,Tara
1799,Anurima
1800,Aadya
1801,Sankha
1802,Akruti
1803,Nelima
1804,Sweeti
1805,Ipshita
1806,Tanushree
1807,Basushree
1808,Damyanti
1809,Ridhvee
1810,Aizel
1811,Phalguni
1812,Priyanjalee
1813,Samika
1814,Santana
1815,Manvit
1816,Bhobani
1817,Prionka
1818,Sidhvi
1819,Anchita
1820,Devrupa
1821,Rekhaa
1822,Diparati
1823,Nufica
1824,Arooshi
1825,Chaithanya
1826,Mashuma
1827,Promila
1828,Subela
1829,Paro
1830,Basa
1831,Vibisha
1832,Shobita
1833,Hamsa
1834,Sayanee
1835,Tuli
1836,Dibyandita
1837,Chaitaly
1838,Jakira
1839,Madusmita
1840,Kavia
1841,Aadrita
1842,Bhanuvi
1843,Rondzona
1844,Panchmi
1845,Diparna
1846,Bristy
1847,Nahar
1848,Kumuda
1849,Geeti
1850,Khushboo
1851,Tuhi
1852,Tripura
1853,Pausali
1854,Chompa
1855,Chashmum
1856,Sanam
1857,Kaushani
1858,Mitushree
1859,Kanya
1860,Breonna
1861,Palaksi
1862,Mali
1863,Pramiti
1864,Archi
1865,Nowmi
1866,Vinisha
1867,Parmi
1868,Mradu
1869,Dharini
1870,Rajeshvari
1871,Baishaki
1872,Vijaya
1873,Progna
1874,Prem
1875,Urishita
1876,Kriti
1877,Tamashree
1878,Agasthya
1879,Ashvini
1880,Farsin
1881,Madhusree
1882,Trishulini
1883,Mohisha
1884,Swini
1885,Dipika
1886,Hemlata
1887,Jasmin
1888,Ritumoni
1889,Dhruva
1890,Sanmay
1891,Tharin
1892,Vijetha
1893,Mera
1894,Venisha
1895,Dipalu
1896,Vabna
1897,Shayara
1898,Priyali
1899,Ushasree
1900,Anjura
1901,Purbah
1902,Samali
1903,Nawsheen
1904,Ahlam
1905,Kana
1906,Annaya
1907,Dipandita
1908,Induja
1909,Aarin
1910,Kamalika
1911,Dihaer
1912,Spring
1913,Marjana
1914,Khushbu
1915,Pria
1916,Ashi
1917,Disha
1918,Padmakali
1919,Nijhum
1920,Ponchomi
1921,Rudrapriya
1922,Risha
1923,Vaishnavi
1924,Moutisha
1925,Kashvi
1926,Preetisha
1927,Kanchi
1928,Tanuj
1929,Jayatri
1930,Noshin
1931,Asra
1932,Ahlad
1933,Parin
1934,Sheetal
1935,Aizzah
1936,Sheuli
1937,Vinika
1938,Nusrat
1939,Vrindha
1940,Bidyatari
1941,Nuzhat
1942,Dipendita
1943,Ojasa
1944,Debadrita
1945,Rajkumari
1946,Karunamayi
1947,Ritajaa
1948,Adyasha
1949,Aatryee
1950,Tvishi
1951,Manha
1952,Rotana
1953,Joty
1954,Nikita
1955,Shalalu
1956,Rijona
1957,Ani
1958,ModhuSmita
1959,Gnanvati
1960,Adwaya
1961,Sabiya
1962,Pukuli
1963,Lekha
1964,Devjani
1965,Eseeta
1966,Adira
1967,Madhury
1968,Eana
1969,Maria
1970,Prithiwisa
1971,Pusti
1972,Disa
1973,Renutara
1974,Parineeta
1975,Leetu
1976,Shri
1977,Baisali
1978,Baruni
1979,Bondhona
1980,Harshi
1981,Tanusree
1982,Sheju
1983,Mashfiya
1984,Anshula
1985,Bibita
1986,Parni
1987,Ruponi
1988,Ayan
1989,Mona
1990,Aisu
1991,Anima
1992,Doly
1993,Nabha
1994,Sumaya
1995,Pravallika
1996,Prakruthi
1997,Rajina
1998,Nivya
1999,Tahni
2000,Sudipa
2001,Kiranya
2002,Jesmin
2003,Debankshi
2004,Hindola
2005,Devansh
2006,Parasmani
2007,Ayanna
2008,Dhara
2009,Krishti
2010,GunaMalar
2011,Nehal
2012,Israt
2013,Baishakhi
2014,Risita
2015,Sumiya
2016,Ketaki
2017,Umrao
2018,Jui
2019,Nurana
2020,Vibha
2021,Jyotswana
2022,Aniya
2023,Tina
2024,Mone
2025,Shari
2026,Shreyan
2027,Jiwanti
2028,Vedamati
2029,Zoha
2030,Bidyarani
2031,Rohi
2032,Neelakshi
2033,Diptimoni
2034,Toma
2035,Tanvi
2036,Bhaavana
2037,Shuvo
2038,Sahoj
2039,Nivia
2040,Mitali
2041,Rudranshi
2042,Saini
2043,Amira
2044,Shivali
2045,Shuvona
2046,Ondzoli
2047,Abha
2048,Eshani
2049,Laboni
2050,Mandra
2051,Joymati
2052,Hritesi
2053,Tarai
2054,Poushali
2055,Miba
2056,Kolpona
2057,Panna
2058,Sayonti
2059,Meethi
2060,Retwika
2061,Aayushi
2062,Lakhi
2063,Madhuita
2064,Magna
2065,Monmita
2066,Shreyu
2067,Sandhi
2068,Pritam
2069,Bhaswati
2070,Dabolina
2071,Namrah
2072,Shibani
2073,Gitanjoli
2074,Barbi
2075,Althea
2076,Ruksana
2077,Kabita
2078,Kshama
2079,Mandana
2080,Rahia
2081,Monaska
2082,Rudrakali
2083,Arshee
2084,Sumoti
2085,Rahi
2086,Mafiza
2087,Bhaanu
2088,Aakashi
2089,Dipshree
2090,Nimeta
2091,Saguna
2092,Bhaumi
2093,Kairavi
2094,Shreya
2095,Jeshita
2096,Rozmin
2097,Moupriya
2098,Nabaneeta
2099,Joya
2100,Sevati
2101,Hiranyadha
2102,Chaitali
2103,Dibiksha
2104,Nitu
2105,Manjaree
2106,Nidhi
2107,Sarada
2108,Protika
2109,Pratyaksha
2110,Athiti
2111,Divisha
2112,Sriza
2113,Saanchi
2114,Promodini
2115,Shalina
2116,Nondini
2117,Pore
2118,Aadhya
2119,Rachayita
2120,Ayshi
2121,Swapna
2122,Anvesha
2123,Deshna
2124,Debapriya
2125,Dhanashree
2126,Trisana
2127,Pratimaa
2128,Bornali
2129,Dishana
2130,Mugdha
2131,Mahia
2132,Ruptrishna
2133,Hema
2134,Tahra
2135,Mayuri
2136,Devika
2137,Fauzia
2138,Nishiti
2139,Onamika
2140,Sabrina
2141,Satwi
2142,Manta
2143,Ridhi
2144,Debamita
2145,Taniya
2146,Saisree
2147,Tapani
2148,Prabhabati
2149,Saamia
2150,Tulashi
2151,Sufia
2152,Oshopriya
2153,Mannat
2154,Paavai
2155,Rubina
2156,Moukthika
2157,Ratnajyouti
2158,Ghusoon
2159,Akshita
2160,Saiyara
2161,Mousoumi
2162,Jeswitha
2163,Roshitha
2164,Niru
2165,Tristi
2166,Bhavani
2167,Rui
2168,Lamia
2169,Yusraa
2170,Kashiba
2171,Rojoni
2172,Ersita
2173,Amrutha
2174,Nazwan
2175,Ayoshi
2176,Arshi
2177,Vaneesha
2178,Sanjoli
2179,Bedamati
2180,Aniha
2181,Rima
2182,Taifa
2183,Sasthi
2184,Geena
2185,Tiyasa
2186,Naman
2187,Anasuya
2188,Paroma
2189,Vindyasree
2190,Ausmita
2191,Renoo
2192,Abrar
2193,Manshi
2194,Saroja
2195,Geetanjali
2196,Kahini
2197,Arcika
2198,Subhi
2199,Vishista
2200,Basu
2201,Manibha
2202,Ardhi
2203,Mahisha
2204,Oshi
2205,Osoka
2206,Ojasini
2207,Chaetra
2208,Aishita
2209,Kashfiara
2210,Omisha
2211,Rimi
2212,May
2213,Ratnadeepta
2214,Nida
2215,Shivya
2216,Rafija
2217,Vikasna
2218,Biveki
2219,Pronamika
2220,Jagathi
2221,Noureen
2222,Vama
2223,Julika
2224,Palashi
2225,Ranjita
2226,Larin
2227,Vashanti
2228,Tulshi
2229,Deeptimayi
2230,Geet
2231,Mahfuza
2232,Agnibha
2233,Varshini
2234,Urvshi
2235,Kreesha
2236,Manikuntala
2237,Ektha
2238,Monomati
2239,Rijumani
2240,Ajinder
2241,Madhavilata
2242,Phoolan
2243,Purvi
2244,Yashmegha
2245,Prabodhini
2246,Sujon
2247,Rinkumoni
2248,Renita
2249,Debjyoti
2250,Misti
2251,Kalpannah
2252,Noba
2253,Vishali
2254,Jugeswori
2255,Rajasree
2256,Harini
2257,Bhargavi
2258,Jara
2259,Nithisha
2260,Mridul
2261,Prosenjit
2262,Firdouse
2263,Padmalekha
2264,Sharaya
2265,Riyanki
2266,Ritamoni
2267,Ridika
2268,Angel
2269,Vedah
2270,Devangana
2271,Mymuna
2272,Naju
2273,Rashika
2274,Ambu
2275,Aaruni
2276,Nimit
2277,Ektaa
2278,Rhudai
2279,Rajoshri
2280,Mondipa
2281,Ajita
2282,Ankrita
2283,Baltishna
2284,Dhruvika
2285,Ruprekha
2286,Duaa
2287,Druna
2288,Biplabi
2289,Bhanupriya
2290,Pushpanjali
2291,Khulood
2292,Roja
2293,Alinaa
2294,Jyotirmay
2295,Rachana
2296,Akankshi
2297,Risana
2298,Paushali
2299,Alia
2300,Hriddha
2301,Bidyutlata
2302,Shrvani
2303,Binoy
2304,Bondhana
2305,Subani
2306,Varenyaa
2307,Deboleena
2308,Suasha
2309,Biva
2310,Lajju
2311,Debonita
2312,Sayanti
2313,Heeramani
2314,Nawodita
2315,Tapasya
2316,Ishaani
2317,Sreta
2318,Vedavarshita
2319,Vibiksha
2320,Nehru
2321,Falguny
2322,Pritili
2323,Swarn
2324,Rajrita
2325,Preetidhara
2326,Hitesha
2327,Pehr
2328,Bipa
2329,Rishiki
2330,Swathy
2331,Truptee
2332,Suvra
2333,Sabeeta
2334,Bharti
2335,Sarayu
2336,Sahida
2337,Pragyaa
2338,Hitashi
2339,Afra
2340,Suzata
2341,Kajal
2342,Pihuna
2343,Mithu
2344,Adreeta
2345,Madulekha
2346,Jotsna
2347,Mousree
2348,Shyama
2349,Ant
2350,Pankhita
2351,Surupa
2352,Ratusree
2353,Rashmi
2354,Premalata
2355,Shahana
2356,Ruchika
2357,Tejshwini
2358,Sur
2359,Arshita
2360,Nabhitha
2361,Madhabi
2362,Rosey
2363,Hemika
2364,Kanchana
2365,Kakon
2366,Vignya
2367,Pooja
2368,Vidhighna
2369,Vachana
2370,Sritu
2371,Dishani
2372,Jaheda
2373,Madhushmita
2374,Kaya
2375,Rihati
2376,Rhishita
2377,Munai
2378,Sumia
2379,Livona
2380,Maryam
2381,Tahiya
2382,Aghosh
2383,Vinodhini
2384,Ahelika
2385,Sayli
2386,Asmira
2387,Nairika
2388,Sanwari
2389,Sharad
2390,Sohana
2391,Amisha
2392,Chaitrah
2393,Akula
2394,Shiviya
2395,Aakriti
2396,Debashrita
2397,Rawah
2398,Avanija
2399,Simi
2400,Noori-Begum
2401,Meghana
2402,Devada
2403,Manasvi
2404,Shakha
2405,Noopur
2406,Saaisha
2407,Samiran
2408,Shifat
2409,Lija
2410,Shrity
2411,Aanchal
2412,Oja
2413,Pratichee
2414,Ritusmita
2415,Ratnah
2416,Kousmita
2417,Shmita
2418,Kushboo
2419,Kayanita
2420,Adisha
2421,Purba
2422,Soumi
2423,Jivita
2424,Saanvi
2425,Shova
2426,Shovona
2427,Jiaana
2428,Natasa
2429,Akaisha
2430,Gitali
2431,Pinkey
2432,Prerona
2433,Teena
2434,Mashuda
2435,Monalika
2436,Chandraja
2437,Avani
2438,Chhaya
2439,Uttalika
2440,Maarisa
2441,Sia
2442,Krishnaa
2443,Momo
2444,Drishu
2445,Tripuri
2446,Araya
2447,Trishita
2448,Homdipa
2449,Yashvi
2450,Suad
2451,Ashini
2452,Aganagai
2453,Baranika
2454,Champa
2455,Chaina
2456,Vibuti
2457,Devi
2458,Mansia
2459,Kanak
2460,Kabiya
2461,Vinoothna
2462,Sugam
2463,Ivanshi
2464,Farzzana
2465,Momta
2466,Rihaa
2467,Dadhija
2468,Rukaiya
2469,Kallol
2470,Laylaa
2471,Arizona
2472,Joyita
2473,Ahava
2474,Reshika
2475,Ishita
2476,Tanya
2477,Disu
2478,Milu
2479,Gorima
2480,Sayma
2481,Pragay
2482,Yuktha
2483,Monali
2484,Rosma
2485,Malina
2486,Bondana
2487,Jia
2488,Duhita
2489,Toshal
2490,Rumali
2491,Fiha
2492,Mandeepa
2493,Prama
2494,Beda
2495,Amruta
2496,Radharani
2497,Kamini
2498,Kheya
2499,Binaya
2500,Godavari
2501,Manvi
2502,Yanshi
2503,Gaura
2504,Valli
2505,Sonum
2506,Saima
2507,Faiza
2508,Gowrie
2509,Smit
2510,Karishma
2511,Dvita
2512,Chameli
2513,Anaysha
2514,Maisha
2515,Deepannita
2516,Sirin
2517,Jamini
2518,Vedasree
2519,Vanusha
2520,Chayantika
2521,Esha
2522,Jayadrika
2523,Yamini
2524,Shavika
2525,Hayaam
2526,Avilash
2527,Sayana
2528,Devishi
2529,Tinni
2530,Tanisa
2531,Nabami
2532,Shahira
2533,Labanya
2534,Sisa
2535,Airawati
2536,Jaylalita
2537,Heema
2538,Barnamala
2539,Ananthi
2540,Smriti
2541,Lilly
2542,Urmita
2543,Ritupriya
2544,Bixita
2545,Rofika
2546,Kashika
2547,Punam
2548,Sawli
2549,Upala
2550,Spriha
2551,Premlata
2552,Tonushree
2553,Hiranmay
2554,MahJabin
2555,Basonthi
2556,Chandrakanta
2557,Shweata
2558,Suneha
2559,Greesa
2560,Ahladita
2561,Parichita
2562,Shovita
2563,Maitryee
2564,Momota
2565,Sarisha
2566,Kajori
2567,Sompa
2568,Chandrani
2569,Madhumati
2570,Prodipa
2571,Abontika
2572,Shoili
2573,Prabina
2574,Mahee
2575,Oishani
2576,Chandalini
2577,Khiyati
2578,Neeta
2579,Madhuboni
2580,Rittika
2581,Shyni
2582,Itkila
2583,Juthika
2584,Mahakali
2585,Sioni
2586,Avya
2587,Neelu
2588,Kaamla
2589,Vishala
2590,Maharima
2591,Madhumita
2592,Gouravi
2593,Chitralekha
2594,Utara
2595,Dayita
2596,Aashema
2597,Sherya
2598,Eyasha
2599,Hrushika
2600,Taanya
2601,HusnAra
2602,Orthy
2603,Johura
2604,Vagdevi
2605,Jessi
2606,Lakshya
2607,Chandan
2608,Joysree
2609,Tarulata
2610,Atashi
2611,Brithika
2612,Navanita
2613,Mrigaya
2614,Arjika
2615,Sweta
2616,Rakshitha
2617,Patrali
2618,Pinky
2619,Sameena
2620,Lena
2621,Jogindar
2622,Tukumoni
2623,Tuhina
2624,Zorna
2625,Lipika
2626,Aroma
2627,Asmi
2628,Madhulekha
2629,Halima
2630,Priyanksha
2631,Koena
2632,Aishee
2633,Pranvitha
2634,Bhumika
2635,Orindita
2636,Dayanita
2637,Aarshati
2638,Tannushree
2639,Punthali
2640,Balay
2641,Jayanty
2642,Aurel
2643,Pritikana
2644,Priyadarshani
2645,Vidhigna
2646,Jyotiprobha
2647,Nallarasi
2648,Kenisha
2649,Heeral
2650,Kadzori
2651,Cheshta
2652,Purbasha
2653,Nitusmita
2654,Vasantha
2655,Rumi
2656,Saumili
2657,Anusiya
2658,Ganesh
2659,Kanchon
2660,Nabodita
2661,Rity
2662,Yashabanti
2663,Jiu
2664,Nilav
2665,Krishaa
2666,Deepsikha
2667,Shimu
2668,Aashi
2669,Diva
2670,Prajita
2671,Antara
2672,Kousila
2673,Savani
2674,Punya
2675,Banashri
2676,Teyvanai
2677,Dabika
2678,Sulena
2679,Kusumlata
2680,Rup
2681,Debakshi
2682,Esheeta
2683,Divyakshi
2684,Nasim
2685,Vimala
2686,Manahal
2687,Binte
2688,Tonima
2689,Tanushreee
2690,Rizwana
2691,Nazeera
2692,Anahita
2693,Dhruvi
2694,Sari
2695,Utpalini
2696,Isita
2697,Lazuli
2698,Baishali
2699,Abhyaa
2700,Nufika
2701,Sraa
2702,Agamjot
2703,Tripti
2704,Purnasha
2705,Maadhurya
2706,Panbu
2707,Inrani
2708,Roshma
2709,Aritra
2710,Banjana
2711,Urmeela
2712,Anusaa
2713,Rinisha
2714,Prionty
2715,Chetana
2716,Nazleen
2717,Geetu
2718,Jowaki
2719,Mousona
2720,Dhanalakshmi
2721,Dipsha
2722,Vishaka
2723,Suri
2724,Sarama
2725,Rimpy
2726,Kusam
2727,Sapna
2728,Mayyada
2729,Preety
2730,Sweety
2731,Jaiman
2732,NoorJahan
2733,Kayra
2734,Rusha
2735,Syama
2736,Anisa
2737,Kameli
2738,Avli
2739,Urmimala
2740,Mukulika
2741,Ansuya
2742,Sohany
2743,Tuhisha
2744,Susmi
2745,Malotri
2746,Ashoka
2747,Nimisha
2748,Monira
2749,Vineela
2750,Imashree
2751,Nessa
2752,Aneysha
2753,Sutopa
2754,Geeta
2755,Rabeea
2756,Debdyuti
2757,Kusumanjali
2758,Angela
2759,Raisa
2760,Hemabati
2761,Rajnita
2762,Sharmin
2763,Bilasini
2764,Paapri
2765,Rayesha
2766,MeeraKumari
2767,Bhagavathi
2768,Abirami
2769,Naynika
2770,Gairika
2771,Palwasha
2772,Tribeni
2773,Uma
2774,Tamjida
2775,Diyadrita
2776,Sonal
2777,Bonoshree
2778,Raja
2779,Sarojni
2780,Vasanthi
2781,Muskan
2782,Churamoni
2783,Manjusa
2784,Sajiya
2785,Tirtha
2786,Vijal
2787,Janat
2788,Sandipa
2789,Greeshma
2790,Tanushriee
2791,Divani
2792,Ritomaa
2793,Manchali
2794,Shakhi
2795,Tramila
2796,Dikhsha
2797,Uparna
2798,Monarama
2799,Sharika
2800,Keshu
2801,Manu
2802,Dipanjana
2803,Promiti
2804,Juhita
2805,Mollika
2806,Shardha
2807,Aastha
2808,Sreeya
2809,Advaiti
2810,Alpona
2811,Rupsana
2812,Shujata
2813,Kusumita
2814,Mithila
2815,Shifali
2816,Madhuram
2817,Bimla
2818,Binti
2819,Atushi
2820,Nityashree
2821,Priyadarshi
2822,Silpy
2823,Deepshika
2824,Agnika
2825,Kabyasree
2826,Pia
2827,Puja
2828,Nilema
2829,Ritoja
2830,Poroma
2831,Nejira
2832,Reshmitha
2833,Monu
2834,Navistha
2835,Sargam
2836,Debarni
2837,Bhaviya
2838,Neelashree
2839,Toni
2840,Naini
2841,Toushini
2842,Preethisha
2843,Ranit
2844,Sarmila
2845,Tauheed
2846,Mistu
2847,Manidipa
2848,Padma
2849,Fuloshree
2850,Moni
2851,Nilima
2852,Nishika
2853,Susma
2854,Viviktha
2855,Rituka
2856,Bashpi
2857,Sama
2858,Mahaswata
2859,Shumana
2860,Bhao
2861,Masrin
2862,Snehal
2863,Lav
2864,Jaggoseni
2865,Arshya
2866,Monoroma
2867,Yasha
2868,Asmita
2869,Jagreeti
2870,Siyma
2871,Shivlee
2872,Preshika
2873,Gathika
2874,Vyoma
2875,Toshi
2876,Kirti
2877,Pahal
2878,Writu
2879,Apona
2880,Pronita
2881,Belarani
2882,Daiba
2883,Kanvi
2884,Taralah
2885,Vidula
2886,Padmaja
2887,Madhurie
2888,Paromita
2889,Krishnashri
2890,Geetarani
2891,Mony
2892,Prashmita
2893,Anjna
2894,Jaysmita
2895,Tiyara
2896,Trishna
2897,Mysa
2898,Rikita
2899,Niladrika
2900,Sunnya
2901,Ayani
2902,Ajeeba
2903,Jheel
2904,Lavinia
2905,Jaganmata
2906,Monoshree
2907,Sima
2908,Akil
2909,Naima
2910,Basundhra
2911,Raba
2912,Kannaki
2913,Anidipa
2914,Sunu
2915,Fulki
2916,Manoroma
2917,Moonmoon
2918,Taharat
2919,Tanusha
2920,Noor
2921,Potralika
2922,Babli
2923,Usasi
2924,Momata
2925,Naganandini
2926,Aalia
2927,Shivani
2928,Shruhi
2929,Odoti
2930,Devoleena
2931,Elisa
2932,Neesha
2933,Joyeesmita
2934,Prinkal
2935,Bijaya
2936,Rina
2937,Kimisha
2938,Keerat
2939,Prafula
2940,Aryahi
2941,Adyaa
2942,Tulya
2943,Mamuni
2944,Nirania
2945,Nujhat
2946,Luna
2947,Rosonara
2948,Baibhavi
2949,Divya
2950,Shiliya
2951,Jannati
2952,Sharia
2953,Priyansa
2954,Bedantika
2955,Adishree
2956,Sudebi
2957,Vibhu
2958,Mysha
2959,Piyalee
2960,Isha
2961,Rasu
2962,Sumaia
2963,Dharmini
2964,Samit
2965,Devmala
2966,Progoti
2967,Kaira
2968,Moloya
2969,Tamalika
2970,Rasmika
2971,Latika
2972,Asama
2973,Adwita
2974,Banani
2975,Madhusri
2976,Ksema
2977,Hrisita
2978,Madhuri
2979,Tilotama
2980,Ankita
2981,Shaheba
2982,Lisa
2983,Tabiha
2984,Brishti
2985,Hiral
2986,Labani
2987,Shiya
2988,Darpana
2989,Anayta
2990,Madhulita
2991,Abhipsha
2992,Madhulina
2993,Maishaa
2994,Ajima
2995,Aahona
2996,Namrita
2997,Farzana
2998,Bijayanti
2999,Shamima
3000,Baikuntha
3001,Aashwika
3002,Brihanalla
3003,Rishika
3004,Dripta
3005,Oushnika
3006,Tarnisha
3007,Pornima
3008,Vanshita
3009,Ravi
3010,Manteja
3011,Ritushna
3012,Vasundhara
3013,Asvini
3014,Ziya
3015,Sejuti
3016,Pechi
3017,Aditi
3018,Anukta
3019,Ramona
3020,Nima
3021,Chalama
3022,Tanushka
3023,Siraa
3024,Prabhada
3025,Kauser
3026,Phulan
3027,Chamelie
3028,Ireshi
3029,Bipasha
3030,Aishani
3031,Eliza
3032,Anbar
3033,Abhaya
3034,Veronica
3035,Dignita
3036,Rujula
3037,Debalina
3038,Maheru
3039,Aashima
3040,Namira
3041,Aarohi
3042,Mansvee
3043,Abhiri
3044,Chetona
3045,Parbina
3046,Ilavarasi
3047,Debee
3048,Ballabhi
3049,Devdooti
3050,Farhana
3051,Binodini
3052,Yochana
3053,Harshali
3054,Vichitra
3055,Araddha
3056,Kuheli
3057,Hemolata
3058,Biswomitra
3059,Saheera
3060,Aayushna
3061,Tanjia
3062,Aashreya
3063,Maharani
3064,Ruhee
3065,Niharbala
3066,Lavenia
3067,Maithili
3068,Sasmita
3069,Luma
3070,Avika
3071,Zeinab
3072,Tritisha
3073,Deboshree
3074,Himanshi
3075,Pomi
3076,Rushmitha
3077,Rananjoy
3078,Shukhi
3079,Divena
3080,Aleesha
3081,Gita
3082,Nyra
3083,Jigyasa
3084,Prityka
3085,Monjuri
3086,Ajmira
3087,Shreesa
3088,Aaritri
3089,Nija
3090,Najiba
3091,Reema
3092,Bejoya
3093,Purnema
3094,Tsaru
3095,Jarina
3096,Pritheisa
3097,Mosfika
3098,Fahmeeda
3099,Tiyashi
3100,Shahnaz
3101,Kushali
3102,Phalak
3103,Alisa
3104,Komolika
3105,Gunjita
3106,Nita
3107,Unnati
3108,Nuri
3109,Abni
3110,Bidisha
3111,Shlesha
3112,Linda
3113,Sabikun
3114,Alak
3115,Prashidha
3116,Bedanta
3117,Rishija
3118,Smitha
3119,Amrit
3120,Prakruti
3121,Mridula
3122,Prabal
3123,Debrupi
3124,Mayil
3125,Medini
3126,Srita
3127,Sreeja
3128,Lasya
3129,Anni
3130,Ruhana
3131,Nidhyathi
3132,Barna
3133,Rachaitri
3134,Sravni
3135,Tonusree
3136,Vipasha
3137,Dina
3138,Mithurani
3139,Paru
3140,Shaoli
3141,Rubane
3142,Bhagyarani
3143,Man
3144,Ramaa
3145,Navdita
3146,Meenakshi
3147,Laiju
3148,Udipta
3149,Sarath
3150,Aishiki
3151,Kani
3152,Mridha
3153,Anika
3154,Kassam
3155,Kanimoli
3156,Musrat
3157,Vamshadhara
3158,Forida
3159,Nayema
3160,Shamsun
3161,Vigna
3162,Mehndi
3163,Naureen
3164,Sattya
3165,Prtyusha
3166,Adreeja
3167,Teerna
3168,Arushi
3169,Yashawini
3170,Debanjana
3171,Yasfie
3172,Nomita
3173,Nilaboti
3174,Ojasvita
3175,Tabasum
3176,Montaha
3177,Irravati
3178,Nishka
3179,Satima
3180,Mowmita
3181,Swarna
3182,Bitisha
3183,Rajosree
3184,Brisha
3185,Binal
3186,Madeeha
3187,Karunamoyee
3188,Mantu
3189,Nanaki
3190,Mitky
3191,Bhavri
3192,Pamela
3193,Omkara
3194,Mala
3195,Ketki
3196,Rony
3197,Forhana
3198,Mayisa
3199,Saamita
3200,Rosine
3201,Sakira
3202,Heer
3203,Simali
3204,Arufa
3205,Tejaswi
3206,Zubaisha
3207,Sudevi
3208,Kumud
3209,Pritty
3210,Srodha
3211,Mousomi
3212,Swasti
3213,Eswari
3214,Samreen
3215,Viharika
3216,Raju
3217,Farjana
3218,Rinika
3219,Joyonti
3220,Ateet
3221,Shivai
3222,Debmala
3223,Prastuti
3224,Pratikcha
3225,Paras
3226,Tikeswari
3227,Deviya
3228,Puspanita
3229,Mongla
3230,Sheile
3231,Kareena
3232,Meha
3233,Rashma
3234,Bondona
3235,Sanjini
3236,Parvathy
3237,Ronita
3238,Tanzima
3239,Baruna
3240,Sarmin
3241,Biya
3242,Adrisa
3243,Tanwee
3244,Sabiha
3245,Armina
3246,Debpriya
3247,Kartikaa
3248,Piyanka
3249,Turna
3250,Jyotie
3251,Anbini
3252,Deepa
3253,Mira
3254,Eshrat
3255,Labiba
3256,Mahabir
3257,Alokya
3258,Diptishri
3259,Orundhoti
3260,Biswal
3261,Saakshi
3262,Bel
3263,Saholi
3264,Alok
3265,Devasree
3266,Samaera
3267,Chemmoli
3268,Naaz
3269,Vatsla
3270,Junali
3271,Amodita
3272,Humayra
3273,Moumi
3274,Aapt
3275,Madhubanti
3276,Moudipa
3277,Jyotirmoyee
3278,Alya
3279,Shiuli
3280,Roomi
3281,Trisani
3282,Vagmi
3283,Tapsee
3284,Naidhrua
3285,Jigna
3286,Trishanjali
3287,Abritty
3288,Shubhra
3289,Anuska
3290,Hessa
3291,Kasham
3292,Monju
3293,Dipannita
3294,Titli
3295,Bandani
3296,Pragya
3297,Debita
3298,Laura
3299,Antim
3300,Poymonti
3301,Joyoshree
3302,Tithi
3303,Prishaa
3304,Romita
3305,Kameela
3306,Jayasree
3307,Ronjini
3308,Krandasi
3309,Mallika
3310,Hriddhi
3311,Jhilmil
3312,Tamali
3313,Afroja
3314,Bindyaa
3315,Shivyya
3316,Sujit
3317,Aadrisha
3318,Armin
3319,Hitasha
3320,Riktisa
3321,Sushma
3322,Harinandana
3323,Vanika
3324,Minati
3325,Iravati
3326,Bimalla
3327,Biddisha
3328,Kania
3329,Ronjon
3330,Aditri
3331,Tapashree
3332,Durgha
3333,Sapana
3334,Addrija
3335,Boby
3336,Aroshi
3337,Kridha
3338,Labonya
3339,Manoshi
3340,Khusi
3341,Pranavi
3342,Jogomaya
3343,Atasi
3344,Bobi
3345,Dovi
3346,Junika
3347,Madhu
3348,Dharma
3349,Joyanta
3350,Agnisa
3351,Adri
3352,Aryaa
3353,Khyath
3354,Ruchira
3355,Debjanee
3356,Tora
3357,Chotu
3358,Parnika
3359,Bristi
3360,Shafi
3361,Tej
3362,Harsa
3363,Onima
3364,Kshema
3365,Hritika
3366,Bhumishree
3367,Rhiddhi
3368,Sarita
3369,Mouni
3370,Kavini
3371,Monjila
3372,Purbika
3373,Yasmin
3374,Piu
3375,Rupsena
3376,Shyna
3377,Pranja
3378,Methili
3379,Anshika
3380,Satwika
3381,Aropa
3382,Hradha
3383,Minu
3384,Darshani
3385,Debbarna
3386,Varshika
3387,Biswarupa
3388,Kanakabati
3389,Zakia
3390,Adwitiya
3391,Durgabati
3392,Chandani
3393,Rifat
3394,Tapati
3395,Soumya
3396,Vaashini
3397,Charvi
3398,Avni
3399,Sawini
3400,Vedika
3401,Jagruti
3402,Rasida
3403,Aratika
3404,Sunny
3405,Jhulan
3406,Abanti
3407,Paridhi
3408,Jineeya
3409,Sana
3410,Ujwalla
3411,Jishan
3412,Piali
3413,Parvani
3414,Rijumoni
3415,Raati
3416,Omyawati
3417,Ridima
3418,Upasana
3419,Mahaganga
3420,Arptia
3421,Joshoda
3422,Jafrin
3423,Moti
3424,Sreya
3425,Jahanara
3426,Prajya
3427,Rathika
3428,Kshipva
3429,Khansha
3430,Panasree
3431,Deepta
3432,Rajanya
3433,Nabamita
3434,Bidhatrika
3435,Rinku
3436,Bela
3437,Mayurakshi
3438,Pinku
3439,Vaidehi
3440,Obinta
3441,Rehena
3442,Sitika
3443,Manjini
3444,Shristy
3445,Sujaya
3446,Bawli
3447,Ditika
3448,Jagraty
3449,Raakhi
3450,Minnatun
3451,Vibhanshi
3452,Adhirath
3453,Bhabani
3454,Dibyasri
3455,Mahishree
3456,Hrudai
3457,Debanita
3458,Bidyadhari
3459,Pratibha
3460,Shohini
3461,Pratiba
3462,Devrani
3463,Manaar
3464,Shalvi
3465,Aksha
3466,Ahia
3467,Tanisha
3468,Zenesha
3469,Pritika
3470,Sayura
3471,Shatati
3472,Mon
3473,Sovana
3474,Preeti
3475,Dhanyata
3476,Jesmina
3477,Tomosha
3478,Sahelee
3479,Simmee
3480,Vimudha
3481,Prayashi
3482,Kayal
3483,Vaibhowi
3484,Eishita
3485,Debarshi
3486,Himu
3487,Aklima
3488,Tejaswini
3489,Hilla
3490,Hrithika
3491,Rachayata
3492,Ashwini
3493,Bhagyashruti
3494,Meheli
3495,Renuka
3496,Harika
3497,Sarthak
3498,Bhanu
3499,Krishma
3500,Mekhla
3501,Reemashri
3502,Aayush
3503,Sahira
3504,Aamaal
3505,Sopna
3506,Renu
3507,Arup
3508,Ayiza
3509,Mrridunee
3510,Hemantika
3511,Aaniya
3512,Fulmoti
3513,Vindhya
3514,Manomita
3515,Chandnee
3516,Kaustubha
3517,Medha
3518,Sriti
3519,Riyasree
3520,Fiza
3521,Jenny
3522,Avapya
3523,Aatmaja
3524,Varsha
3525,Veeksha
3526,Ivaanshika
3527,Ameya
3528,Arpona
3529,Jyotishree
3530,Omaja
3531,Fatema
3532,Tayaba
3533,Dharitri
3534,Diptusha
3535,Agnija
3536,Vanamala
3537,Nishritha
3538,Aaruhi
3539,Trayee
3540,Niverta
3541,Kalpona
3542,Sahitya
3543,Reem
3544,Maheshvari
3545,Poojitha
3546,Feroza
3547,Rishu
3548,Chutki
3549,Shavan
3550,Komali
3551,Piyushi
3552,Ankal
3553,Kushi
3554,Bhor
3555,Neharica
3556,Mehek
3557,Ratree
3558,Liju
3559,Anjana
3560,Ragi
3561,Ajala
3562,Debarati
3563,Hasika
3564,Fariha
3565,Osha
3566,Aruna
3567,Jaishnavi
3568,Krutika
3569,Arfa
3570,Mehrin
3571,Radhe
3572,Shobha
3573,Alvi
3574,Tejashwee
3575,Bulbuli
3576,Tehzeeb
3577,Sejol
3578,Labuki
3579,Rutba
3580,Udishna
3581,Ariha
3582,Ushoshi
3583,Ujala
3584,Haimanti
3585,Ona
3586,Lisana
3587,Arisha
3588,Ishwari
3589,Jamuna
3590,Juma
3591,Ahana
3592,Kruna
3593,Tamogna
3594,Linarani
3595,Sahnaj
3596,Rudhradevi
3597,Mehejabin
3598,Banni
3599,Utalika
3600,Nishu
3601,Sampi
3602,Nomi
3603,Waheeda
3604,Nalika
3605,Ritisha
3606,Sija
3607,Bhavana
3608,Soami
3609,Esita
3610,Debleena
3611,Kainaz
3612,Shruthi
3613,Siza
3614,Anila
3615,Kavita
3616,Aadriti
3617,Bipasa
3618,Godawari
3619,Shivie
3620,Maanvi
3621,Simla
3622,Shakira
3623,Tahera
3624,Rithisha
3625,Kanai
3626,Ratan
3627,Vedhika
3628,Gouranga
3629,Richika
3630,Deepjyoti
3631,Jaladhi
3632,Anashua
3633,Ria
3634,Idhika
3635,Bahula
3636,Summi
3637,Debashirta
3638,Mahak
3639,Dipsa
3640,Manashvi
3641,Pusmita
3642,Adrita
3643,Shabita
3644,Debosmita
3645,Boisakhi
3646,Piya
3647,Moushree
3648,Joyshree
3649,Mit
3650,Ura
3651,Nutana
3652,Sakshi
3653,Aarati
3654,Nabanite
3655,Rajvi
3656,Shiba
3657,Shiv
3658,Bandona
3659,Bibhusha
3660,Pranidhi
3661,Dharmishta
3662,Ashrita
3663,Yaksha
3664,Dhanshree
3665,Rukmini
3666,Tinku
3667,Nurima
3668,Dronika
3669,Bibhuti
3670,Simeen
3671,Aekadamt
3672,Bisakha
3673,Tarannya
3674,Binati
3675,Shelu
3676,Alabhya
3677,Mianvi
3678,Aatrisha
3679,Keshi
3680,Uhana
3681,Deeptu
3682,Sainika
3683,Muntaha
3684,Poulima
3685,Padmavathy
3686,Debosree
3687,Jeni
3688,Raveena
3689,Arabi
3690,Dola
3691,Shasi
3692,Fulmoni
3693,Nazina
3694,Jansi
3695,Abani
3696,Manani
3697,Monalisa
3698,Tanjila
3699,Muskaan
3700,Ananaya
3701,Rezowana
3702,Janisha
3703,Kasmira
3704,Yagyaseni
3705,Urva
3706,Bimal
3707,Keerthi
3708,Kuhumita
3709,Nilanjana
3710,Vallani
3711,Shapna
3712,Aboni
3713,Manjary
3714,Bhawna
3715,Ponni
3716,Babitha
3717,Soili
3718,Rotna
3719,Pramila
3720,Sristy
3721,Marthini
3722,Soroj
3723,Anushri
3724,Priyodorshini
3725,Debopriya
3726,Deepshita
3727,Humaira
3728,Devarshini
3729,Xami
3730,Sankara
3731,Maghi
3732,Sheila
3733,Vaishnovi
3734,Dipan
3735,Saboni
3736,Devarti
3737,Kishori
3738,Ritoma
3739,Full
3740,Ritanya
3741,Arika
3742,Sonika
3743,Prahalika
3744,Kaumudi
3745,Moriom
3746,Sleeja
3747,Tabassum
3748,Yashashwiny
3749,Prasidhi
3750,Kuntala
3751,Humaila
3752,Astami
3753,Imonee
3754,Keiarah
3755,Dhansree
3756,Diparnita
3757,Arpit
3758,Sachi
3759,Binitha
3760,Nivedita
3761,Iditri
3762,Mohi
3763,Abritti
3764,Kishwari
3765,Arsita
3766,Bobby
3767,Sakti
3768,Sayuri
3769,Shabda
3770,Alvee
3771,Palas
3772,Aarvi
3773,Soma
3774,Ohana
3775,Sahana
3776,Tejaswita
3777,Rujina
3778,Neetu
3779,Meena
3780,Parineeti
3781,Nilanjona
3782,Esmotara
3783,Varija
3784,Arati
3785,Prakshi
3786,Darshita
3787,Ritipriya
3788,Ekavali
3789,Tanaya
3790,Jafnah
3791,Maloti
3792,Dibya
3793,Inara
3794,Juhi
3795,Joyashri
3796,Vanya
3797,Koyel
3798,Tushita
3799,Arju
3800,Nayana
3801,Jantra
3802,Nalini
3803,Abhithi
3804,Kaumari
3805,Stija
3806,Rajnya
3807,Additri
3808,Basanthi
3809,Aruhi
3810,Daivik
3811,Rusika
3812,Lovely
3813,Vanaja
3814,Monimala
3815,Shanti
3816,Lalana
3817,Prochesta
3818,Biran
3819,Ayushi
3820,Anami
3821,Paloma
3822,Avisha
3823,Mehzabeen
3824,Abhigya
3825,Aliya
3826,Krittika
3827,Santona
3828,Ashiya
3829,Neetika
3830,Sajni
3831,Amala
3832,Sonyka
3833,Debismita
3834,Tahsin
3835,Dipanvita
3836,Shawon
3837,Tori
3838,Tanishi
3839,Manohari
3840,Hiya
3841,Chintanika
3842,Ahilya
3843,Karthika
3844,Lajbanti
3845,Varati
3846,Kapardini
3847,Stuti
3848,Kenga
3849,Sky
3850,Arna
3851,Harita
3852,Ananya
3853,Zaheen
3854,Shima
3855,Santu
3856,Vismita
3857,Gargi
3858,Arsiya
3859,Aadhira
3860,Arzoo
3861,Chandraprabha
3862,Navanitaa
3863,Jayshree
3864,Sudehi
3865,Dhanishta
3866,Manashree
3867,Sanavi
3868,Sajali
3869,Itika
3870,Tisa
3871,Labha
3872,Parboti
3873,Dibyasoni
3874,Da
3875,Barnalipi
3876,Saptmi
3877,Rijusmita
3878,Ishaka
3879,Isheta
3880,Thulasi
3881,Pravasmita
3882,Araceli
3883,Gitisha
3884,Bankumi
3885,Sadaf
3886,Shirin
3887,Dooti
3888,Arnita
3889,Swarup
3890,Shumi
3891,Sanidhi
3892,Agrim
3893,Sashika
3894,Divyanshi
3895,Vinita
3896,Chayana
3897,Miraya
3898,Yamuna
3899,Anita
3900,Vennela
3901,Oshmi
3902,Poonam
3903,Pa
3904,Shabana
3905,Jhil
3906,Chandradipa
3907,Kovita
3908,Golapi
3909,Rajani
3910,Aahiri
3911,Adrika
3912,Kabeta
3913,Dita
3914,Namrata
3915,Babita
3916,Adhiksha
3917,Tima
3918,Midula
3919,Arun
3920,Seraa
3921,Veenu
3922,Bonasri
3923,Natasha
3924,Nishat
3925,Pixy
3926,Tasnima
3927,Apurba
3928,Ayati
3929,Kohila
3930,Nilasa
3931,Aramoli
3932,Tarini
3933,Ritusna
3934,Suhena
3935,Rupshika
3936,Aashini
3937,Sandhya
3938,Prasanni
3939,Bethika
3940,Shakini
3941,Aashvi
3942,Nageswari
3943,Biswasree
3944,Selma
3945,Agamani
3946,Niyuktha
3947,Sofia
3948,Rimita
3949,Gouri
3950,Pranitha
3951,Parika
3952,Simran
3953,Visishta
3954,Sabina
3955,Debi
3956,Rifah
3957,Nayantara
3958,Aabha
3959,Sarah
3960,Bibha
3961,Aisha
3962,Bedika
3963,Umme
3964,Raghav
3965,Archita
3966,Bidesha
3967,Hasi
3968,Shreyah
3969,Sunand
3970,Nivadita
3971,Jhorna
3972,Adelle
3973,Zara
3974,Arena
3975,Roshni
3976,Shneha
3977,Bidipta
3978,Nityasree
3979,Jayashree
3980,Nisha
3981,Debika
3982,Farida
3983,Hira
3984,Pahi
3985,Abna
3986,Nina
3987,Sahithi
3988,Mampy
3989,Amla
3990,Alaina
3991,Tanurima
3992,Vinothini
3993,Meghaa
3994,Arth
3995,Bhaarati
3996,Simaa
3997,Ritwika
3998,Mrug
3999,Panita
4000,Ishaisa
4001,Nayanika
4002,Daibaki
4003,Allyah
4004,Purnota
4005,Irin
4006,Aashna
4007,Apsara
4008,Nihira
4009,Anishka
4010,Anicha
4011,Mamota
4012,Ramisha
4013,Arnavi
4014,Pival
4015,Jina
4016,Minahil
4017,Resmita
4018,Rexona
4019,Adithri
4020,Rizwan
4021,Tanushila
4022,Jafreen
4023,Priti
4024,Fahim
4025,Mehdi
4026,Reksona
4027,Shayama
4028,Riyu
4029,Padmja
4030,Parisha
4031,Rimpi
4032,Megana
4033,Akshmika
4034,Sameeha
4035,Dabasmita
4036,Aazam
4037,Debdutta
4038,Jayasmita
4039,Binoty
4040,Ohona
4041,Debu
4042,Manima
4043,Eiti
4044,Najima
4045,Nandana
4046,Ruhi
4047,Neelema
4048,Basmah
4049,KalaNidhi
4050,Sauriki
4051,Anjayni
4052,Moina
4053,Nimesha
4054,Manjulika
4055,Bratati
4056,Tulasi
4057,Iteeshree
4058,Trushti
4059,Krutica
4060,Zunairah
4061,Saheli
4062,Reyana
4063,Nishi
4064,Agnijita
4065,Hitee
4066,Meghamala
4067,Jiteshi
4068,Sabeena
4069,Anurupa
4070,Sardha
4071,Amita
4072,Parno
4073,Rishwika
4074,Veeha
4075,Eno
4076,Karabi
4077,Vindhyanidhi
4078,Rosni
4079,Bhani
4080,Amana
4081,Swity
4082,Nandu
4083,Madhusmita
4084,Arpita
4085,Rashi
4086,Shaurya
4087,Padhmavathi
4088,Madhuleena
4089,Khyatini
4090,Prathista
4091,Ruhiyah
4092,Salini
4093,Ajopa
4094,Sunaya
4095,Arotee
4096,Kaushey
4097,Luthfa
4098,Oishi
4099,Vamsilatha
4100,Chhabi
4101,Rupanjan
4102,Vimlesh
4103,Kunda
4104,Usashi
4105,Guneet
4106,Malinee
4107,Ahimsa
4108,Varshita
4109,Sambita
4110,Bimilla
4111,Misha
4112,Lakshmishree
4113,Rucha
4114,Vinayasree
4115,Prathiksha
4116,Sayjol
4117,Rukshini
4118,Easmatra
4119,Lili
4120,Rosemita
4121,Bishwambhari
4122,Kowsitha
4123,Arwah
4124,Deevanshi
4125,Shriya
4126,Siona
4127,Aartee
4128,Aslema
4129,Modhu
4130,Priyabrata
4131,Chanchal
4132,Dhreeti
4133,ThenMoli
4134,Moushumi
4135,Eswara
4136,Himakshi
4137,Piyali
4138,Anuhya
4139,Aayaushi
4140,Narogi
4141,Julia
4142,Remmi
4143,Risa
4144,Shumy
4145,Doyita
4146,Mitrakshi
4147,Neelkamal
4148,Jayashri
4149,Sovaga
4150,Pramita
4151,Sarupa
4152,Oitree
4153,Kiya
4154,Kalyanni
4155,Purna
4156,Shuhita
4157,Briti
4158,Ambi
4159,Shara
4160,Manali
4161,Eshikaa
4162,Advika
4163,Moitreyee
4164,Rama
4165,Brihasmita
4166,Ameen
4167,Rohan
4168,Selena
4169,Nishttha
4170,Amna
4171,Prachurya
4172,Rachita
4173,Tapasi
4174,Veechika
4175,Sumika
4176,Ranjan
4177,Wriddhi
4178,Drisha
4179,Piha
4180,Madhusha
4181,Dipa
4182,Hannan
4183,Beauty
4184,Ranzu
4185,Niharika
4186,Priyonti
4187,Debal
4188,Shayna
4189,Motishree
4190,Jyotee
4191,Amritaa
4192,Tanupa
4193,Prafulla
4194,Kishoree
4195,Alivia
4196,Saheeka
4197,Vakulasree
4198,Chandrima
4199,Mmonibha
4200,Roopsi
4201,Aayoshi
4202,Madhuritu
4203,Guna
4204,Jaisha
4205,Romoni
4206,Bilkis
4207,Toya
4208,Nesara
4209,Rasika
4210,Eyan
4211,Shahina
4212,Bondita
4213,Nisu
4214,Vedie
4215,Sithi
4216,Rajosmita
4217,Bandana
4218,Bethi
4219,Beenita
4220,Nomeeta
4221,Olikodi
4222,Aumia
4223,Sadiya
4224,Moushomi
4225,Gamini
4226,Rithana
4227,Pakhi
4228,Oishika
4229,Divyana
4230,Adaleru
4231,Tanuja
4232,Nilashi
4233,Jitumani
4234,Bharaty
4235,Minaxshi
4236,Rutu
4237,Jashobanti
4238,Darsika
4239,Pranami
4240,Dhatri
4241,Nilufa
4242,Rokeya
4243,Kasni
4244,Neinika
4245,Jubeda
4246,Ojati
4247,Saddika
4248,Divyasree
4249,Dekshina
4250,Tiyasha
4251,Pragati
4252,Anitha
4253,Deepashree
4254,Ajoy
4255,Ekantika
4256,Modhubonti
4257,Dipu
4258,Nupur
4259,Rubana
4260,Jannat
4261,Durva
4262,Shashi
4263,Dolon
4264,Daevi
4265,Arvi
4266,Brahmacharini
4267,Momtaz
4268,Nazmun
4269,Aasmita
4270,Aneeqa
4271,Damayanti
4272,Sadhana
4273,Yusnifarina
4274,Manoshree
4275,Rishani
4276,Pakiza
4277,Monisha
4278,Ruksona
4279,Honey
4280,Rameen
4281,Aartika
4282,Eesha
4283,Marzia
4284,Tirsa
4285,Ushaa
4286,Shirsha
4287,Aabriti
4288,Mritwika
4289,Izdihaar
4290,Pravasthi
4291,Nafsiya
4292,Sumita
4293,Manisha
4294,Deepakala
4295,Apurna
4296,Lipa
4297,Nevanshi
4298,Adhisree
4299,Shaoni
4300,Kangana
4301,Sunika
4302,Vidyadhari
4303,Chitra
4304,Maahi
4305,Neerupama
4306,Prit
4307,Tulsi
4308,Jeevanthi
4309,Mitha
4310,Saajani
4311,Abhi
4312,Tanoja
4313,Itcha
4314,Nithya
4315,Innisai
4316,Sarnima
4317,Bemalla
4318,Kaushita
4319,Digangana
4320,Yashita
4321,Tvarika
4322,Vaijayanthi
4323,Borneeta
4324,Ojashwi
4325,Nagendrabala
4326,Prattusha
4327,Tresha
4328,Rabitta
4329,Siara
4330,Nidha
4331,Debahuti
4332,Kajol
4333,Mandira
4334,Rashmy
4335,Ariyana
4336,Aaditri
4337,Deepayana
4338,Paoli
4339,Minoti
4340,Gajamati
4341,Bahuratna
4342,Rukmoni
4343,Nevedita
4344,Asha
4345,Mahadevi
4346,Durbika
4347,Neeranjana
4348,Chondona
4349,Mongali
4350,Dipita
4351,Audri
4352,Gunjan
4353,Smita
4354,Rojina
4355,Basana
4356,Tilottama
4357,Bhargabi
4358,Palguni
4359,Aparna
4360,Kavya
4361,Atreyee
4362,Mangai
4363,Souti
4364,Arzo
4365,Arpan
4366,Shabani
4367,Aayu
4368,Sanjari
4369,Abanitha
4370,Sanjaya
4371,Reshmita
4372,Emon
4373,Indumathy
4374,Ajaya
4375,Deepali
4376,Mishti
4377,Rupalini
4378,Samrta
4379,Zabira
4380,Naira
4381,Siva
4382,Paakhi
4383,Kananbala
4384,Pinkki
4385,Kalpitha
4386,Raima
4387,Sneh
4388,Zoya
4389,Ashika
4390,Mayra
4391,Tissa
4392,Urwasi
4393,Rupanwita
4394,Avirupa
4395,Mery
4396,Anjona
4397,Babeeta
4398,Mamtaj
4399,Vaitarani
4400,Waiza
4401,Sabitri
4402,Deepanti
4403,Purbita
4404,Priyanshi
4405,Ruaha
4406,Balita
4407,Ojeeta
4408,Vandita
4409,Taslim
4410,Rithvika
4411,Arfitha
4412,Jasaswine
4413,Saisha
4414,Jakia
4415,Nishtha
4416,Rakesh
4417,Sanithi
4418,RajNandini
4419,Rinkhi
4420,Sounak
4421,Harshika
4422,Aiken
4423,Ojasvini
4424,Hanita
4425,Rupjyoti
4426,Satya
4427,Devia
4428,Shalu
4429,Chiranjit
4430,Rumpa
4431,Ravali
4432,Shrila
4433,Kaveeta
4434,Srity
4435,Jolli
4436,Varshica
4437,Khushi
4438,Aprna
4439,Amolika
4440,Esani
4441,Jaba
4442,Sonom
4443,Shampa
4444,Pragyashri
4445,Visha
4446,Marziya
4447,Bidangi
4448,Sufrin
4449,Devadrita
4450,Indera
4451,Hansdhwani
4452,Vijitha
4453,Prima
4454,Isra
4455,Jyotika
4456,Pompi
4457,Vihari
4458,Anaita
4459,Arya
4460,Aarushi
4461,Amber
4462,Ahna
4463,Antasha
4464,Muthalagi
4465,Simpa
4466,Draupadi
4467,Mouli
4468,Mahisa
4469,Radhani
4470,Ayusha
4471,Khea
4472,Tarunika
4473,Prema
4474,Rimli
4475,Sobha
4476,Anyana
4477,Mahua
4478,Chiroshree
4479,Kartika
4480,Afsara
4481,Mousumi
4482,Ina
4483,Reshma
4484,Riddhita
4485,Tejal
4486,Agnes
4487,Harshikha
4488,Taslima
4489,Hridhi
4490,Sham
4491,Rajata
4492,Modhumita
4493,Mahdiya
4494,Sami
4495,Pariyat
4496,Saida
4497,Dimpu
4498,Rameswari
4499,Vibhasri
4500,Urmisha
4501,Ridita
4502,Cirsty
4503,Rosy
4504,Srisha
4505,Pronnati
4506,Dyuti
4507,Vishwapriya
4508,Laiba
4509,Bhoomee
4510,Sukh
4511,Anjuna
4512,Himani
4513,Aradya
4514,Savia
4515,Suhani
4516,Ranisundari
4517,Bhumi
4518,Yogi
4519,Sanjita
4520,Aleina
4521,Kazal
4522,Devakali
4523,Nirbasi
4524,Mairuma
4525,Jaanki
4526,Sara
4527,Abhijita
4528,Mishka
4529,Naisha
4530,Krushali
4531,Farha
4532,Adhaya
4533,Srini
4534,Bandita
4535,Chand
4536,Aarnavi
4537,Prenitha
4538,Nazma
4539,Taposi
4540,Nilamoni
4541,Katha
4542,Rhitaza
4543,Mridva
4544,Pritisa
4545,Bhadra
4546,Prativa
4547,Nairita
4548,Jasobanta
4549,Sonam
4550,Salena
4551,Bishu
4552,Smeet
4553,Chumki
4554,Vahini
4555,Pratistha
4556,Madhura
4557,Ragini
4558,Anusha
4559,Abeer
4560,Kohinur
4561,Sifa
4562,Niveditha
4563,Ahaliya
4564,Menuka
4565,Anira
4566,Devmaya
4567,Pampi
4568,Mitra
4569,Ekaa
4570,Ambika
4571,Anonna
4572,Moha
4573,Hiranmoy
4574,Protyusha
4575,Anusila
4576,Janwi
4577,Niyoti
4578,Asmeera
4579,Debasree
4580,Shawly
4581,Nadia
4582,Madhuparni
4583,Bhanavi
4584,Ujwala
4585,Monny
4586,Mehrima
4587,Keya
4588,Aarunima
4589,Indumauli
4590,Sonku
4591,Rupjoyti
4592,Dipsikha
4593,Puspa
4594,Piklu
4595,Sumon
4596,Mondal
4597,Gandharika
4598,Jasima
4599,Debnita
4600,Jhalak
4601,Dishari
4602,Afrin
4603,Faraha
4604,Chaity
4605,Jayshri
4606,Prakalpa
4607,Dhlriti
4608,Nivritti
4609,Nandini
4610,Rupalee
4611,Raienu
4612,Sikha
4613,Jorina
4614,Punnam
4615,Ujjwala
4616,Pushpa
4617,Neera
4618,Sidra
4619,Dimple
4620,Hridika
4621,Debisha
4622,Dibyangshee
4623,Hima
4624,Letchme
4625,Prajalita
4626,Aravi
4627,Feriha
4628,Aasin
4629,Tarli
4630,Mohona
4631,Soheli
4632,Shtuti
4633,Prajali
4634,Chirasmita
4635,Nistha
4636,Riya
4637,Debalika
4638,Dnya
4639,Tanima
4640,Veda
4641,Poulambi
4642,Saraf
4643,Riddhima
4644,Deva
4645,Sonu
4646,Vaishvee
4647,Nadima
4648,Sahanaj
4649,Indirah
4650,Reyashree
4651,Joshitha
4652,Bonodeepa
4653,Humna
4654,Daisy
4655,Raktima
4656,Baisnavi
4657,Sabera
4658,Sephali
4659,Marifa
4660,Vedasri
4661,Abanita
4662,Jasaswini
4663,Bosonta
4664,Nandeeni
4665,Pragyashi
4666,Promita
4667,Krisha
4668,Rai
4669,Rafisa
4670,Kesari
4671,Manjistha
4672,Pihu
4673,Srozza
4674,Keerthana
4675,Sufian
4676,Hanika
4677,Saifa
4678,Prassana
4679,Chitramala
4680,Neeshu
4681,Shikta
4682,Malak
4683,Sravya
4684,Arjoyee
4685,Sarasi
4686,Ramela
4687,Lagnajeeta
4688,Aarna
4689,Saheni
4690,Divyanka
4691,Madhurika
4692,Tama
4693,Kamakya
4694,Charu
4695,Arohi
4696,Rumena
4697,Shoni
4698,Rojee
4699,Paramita
4700,Binita
4701,Amara
4702,Sanga
4703,Bhanuja
4704,Monta
4705,Albany
4706,Bindiya
4707,Nayonika
4708,Rukhmini
4709,Ziah
4710,Tharasna
4711,Pincky
4712,Bibhabori
4713,Sankari
4714,Kittu
4715,Ashia
4716,Bijola
4717,Ayanika
4718,Varnika
4719,Madhuria
4720,Urmi
4721,Prabhavati
4722,Noori
4723,Jennifar
4724,Maitheli
4725,Tribisa
4726,Banita
4727,Nagma
4728,Nisa
4729,Sapnem
4730,Lakkhi
4731,Tanha
4732,Laxmi
4733,Ela
4734,Goutomi
4735,Khusbakht
4736,Vallika
4737,Nenakshee
4738,Ekakshi
4739,Samiha
4740,Romi
4741,Dipti
4742,Iysha
4743,Mamani
4744,Shobana
4745,Epsita
4746,Shohina
4747,Mina
4748,Varshitha
4749,Dorsini
4750,Kawal
4751,Pranoti
4752,Titas
4753,Mausumi
4754,Aadhysha
4755,Varuni
4756,Aman
4757,Adhara
4758,Lola
4759,Mrigakshi
4760,Hanifa
4761,Saeeda
4762,Utsha
4763,Indiya
4764,Alisha
4765,Savree
4766,Prerana
4767,Madiha
4768,Ujjawala
4769,Ahan
4770,Goldy
4771,Nadiya
4772,Aysha
4773,Priyaa
4774,Neeraj
4775,Sayara
4776,Jagriti
4777,Misty
4778,Ekata
4779,Hanisqa
4780,Jhillika
4781,Sworna
4782,Nandani
4783,Pallabita
4784,Nilam
4785,Leelavati
4786,Oishiki
4787,Richi
4788,Seerin
4789,Ashmi
4790,Harshita
4791,Arpy
4792,Chanchala
4793,Kodolibala
4794,Jyotimoni
4795,Ekaparana
4796,Bedotroyee
4797,Ka
4798,Nabeela
4799,Somo
4800,Jisha
4801,Bijit
4802,Rupantika
4803,Rit
4804,Basantii
4805,Afsana
4806,Meetu
4807,Firoja
4808,Tanmoyee
4809,Tanushri
4810,Chabi
4811,Prisha
4812,Kaasni
4813,Muntafi
4814,Aahna
4815,Dinesha
4816,Prahar
4817,Qumudini
4818,Umaya
4819,Meghna
4820,Pranati
4821,Adrishna
4822,Sagor
4823,Alipta
4824,Yahana
4825,Debati
4826,Adhika
4827,Arshia
4828,RatnaPrabha
4829,Smrity
4830,Manoswee
4831,Jayanti
4832,Bhairabi
4833,Nabaparna
4834,Ankitha
4835,Daboshree
4836,Narayani
4837,Rupali
4838,Mohur
4839,Joyee
4840,Joyosree
4841,Gitanjaly
4842,Choitali
4843,Rijesha
4844,Afia
4845,Hari
4846,Monibha
4847,Manasa
4848,Bedangshi
4849,Purnasree
4850,Darshna
4851,Deeparpita
4852,Kumkum
4853,Sahini
4854,Roshita
4855,Hridha
4856,Vyshnavi
4857,Chintamoni
4858,Bhoomika
4859,Bindu
4860,Aaloy
4861,Manasmita
4862,Baisalini
4863,Masuma
4864,Noushine
4865,Sai
4866,Urbashi
4867,Ushmita
4868,Sash
4869,Tanjina
4870,Pratiksha
4871,Jyotibala
4872,Joyashree
4873,Moitree
4874,Nobomita
4875,Katrina
4876,Ruba
4877,Roktima
4878,Mehnaz
4879,Sasha
4880,Rani
4881,Ridaya
4882,Raseeka
4883,Sagnika
4884,Bhawana
4885,Oyeshee
4886,Rabbani
4887,Rajoshree
4888,Chandona
4889,Shakshi
4890,Aahana
4891,Devshree
4892,Athoi
4893,Adel
4894,Afreen
4895,Abhineet
4896,Angur
4897,Zahra
4898,Priyambada
4899,Rabeena
4900,Ateesha
4901,Aumkara
4902,Miku
4903,Revaya
4904,Anusoya
4905,Mahesh
4906,Santara
4907,Aleen
4908,Aanisa
4909,Kalpana
4910,Debipriya
4911,Nirmaya
4912,Bigyani
4913,Somi
4914,Parnavi
4915,Dootika
4916,Nipa
4917,Abonti
4918,Sovita
4919,Kamisha
4920,Lumbika
4921,Druti
4922,Anuloma
4923,Nitusree
4924,Keyuri
4925,Ujval
4926,Advaita
4927,Nrity
4928,Trinita
4929,Tasha
4930,Riansha
4931,Saachi
4932,Adiba
4933,Hena
4934,Rajsri
4935,Jannath
4936,Akanksha
4937,Nikhila
4938,Monami
4939,Vishrutee
4940,Mayura
4941,Kajari
4942,Moitri
4943,Suhair
4944,Aneesa
4945,Uday
4946,Roma
4947,Chinhita
4948,Madhuchhanda
4949,Dishika
4950,Munjula
4951,Vega
4952,Tanisi
4953,Habiba
4954,Bageshri
4955,Vandana
4956,Debamrita
4957,Komal
4958,Nameswari
4959,Fultushi
4960,Prokrity
4961,Rutensha
4962,Chamelia
4963,Pollobi
4964,Rufaiyda
4965,Vishalakshi
4966,Bargavi
4967,Fahmida
4968,Maitra
4969,Dipanwita
4970,Premika
4971,Prabhati
4972,Zakareea
4973,Debashree
4974,Padmapriya
4975,Kankana
4976,Nabila
4977,Dridiksha
4978,Naitosha
4979,Rebatee
4980,Bijayeeta
4981,Bijoy
4982,Urvasha
4983,Latashree
4984,Libni
4985,Writtika
4986,Sabitha
4987,Manishree
4988,Sarboni
4989,Pankhuri
4990,Bandhona
4991,Prembati
4992,Bansuri
4993,Jaminie
4994,Purabi
4995,Devicka
4996,Monowara
4997,Supta
4998,Miral
4999,Ilisha
5000,Kamla
5001,Redoy
5002,Jugita
5003,Reja
5004,Sugama
5005,Shomona
5006,Jhilik
5007,Sakiya
5008,Banoshree
5009,Sayani
5010,Doiboki
5011,Vasavi
5012,Vrishika
5013,Anjoli
5014,Sutapa
5015,Bijoya
5016,Nobita
5017,Bala
5018,Charanya
5019,Ahindita
5020,Debadeepa
5021,Dewanshi
5022,Ratna
5023,Shreela
5024,Iman
5025,Mehnaj
5026,Rashna
5027,Pratyusha
5028,Mrridvee
5029,Potiba
5030,Vivakita
5031,Riva
5032,Vrathi
5033,Chandrakala
5034,Anushua
5035,Vibhuti
5036,Naayantara
5037,Samta
5038,Bithika
5039,Udipti
5040,Ekaja
5041,Soha
5042,Kakali
5043,Naheen
5044,Rushali
5045,Garvita
5046,Fabliha
5047,Rupasi
5048,Jivantika
5049,Daxa
5050,Rupsona
5051,Vasudha
5052,Srea
5053,Ahili
5054,Diti
5055,Kalima
5056,Ashna
5057,Vasa
5058,Sawhali
5059,Anksika
5060,Amntika
5061,Chara
5062,Onella
5063,Nirika
5064,Atri
5065,Aditha
5066,Aachal
5067,Hina
5068,Onjolee
5069,Nimita
5070,Rinti
5071,Nishita
5072,Irfana
5073,Maheshika
5074,Rajayana
5075,Koneenica
5076,ChandraLekha
5077,Vanhishikha
5078,Gool
5079,Anouka
5080,Saswati
5081,Rochitha
5082,Soni
5083,Roksama
5084,Ankush
5085,Aadyasha
5086,Ikka
5087,Jhanu
5088,Mariya
5089,Yesaswi
5090,Ahiri
5091,Nainakshi
5092,Rhishika
5093,Afsari
5094,Dipshi
5095,Jhansi
5096,Ketana
5097,Mizan
5098,Payal
5099,Shaila
5100,Yuga
5101,Reba
5102,Dhimahi
5103,Raya
5104,Sathi
5105,Hajira
5106,Araddhy
5107,Joti
5108,Jiya
5109,Debamitra
5110,Malka
5111,NavNeeta
5112,Sahrin
5113,Varna
5114,Bishakha
5115,Wridhima
5116,Haimonti
5117,Mital
5118,Mahisree
5119,Komagal
5120,Lopamudra
5121,Anushaa
5122,Patralika
5123,Bidiyabati
5124,Rukumani
5125,Samrita
5126,Laksha
5127,Nilimaa
5128,Samira
5129,Rituparna
5130,Upoma
5131,Zalak
5132,Dilruba
5133,Kusumika
5134,Jalpa
5135,Devangshi
5136,Reji
5137,Akta
5138,Saurina
5139,Gudia
5140,Mowsumi
5141,Manoritha
5142,Armita
5143,Sonali
5144,Aitri
5145,Tanseem
5146,Anisha
5147,Nirupama
5148,Rozy
5149,Aheya
5150,Ribhu
5151,Smity
5152,Vibhakshari
5153,Chaha
5154,Arnabi
5155,Sorubi
5156,Nupoor
5157,Ansooya
5158,Karuli
5159,Jhumka
5160,Deboshmita
5161,Rozi
5162,Aatbodh
5163,Taral
5164,Chaitra
5165,Branda
5166,Pritu
5167,Marzana
5168,Seetha
5169,Debashishya
5170,Sabeir
5171,Patrika
5172,Induma
5173,Nizhu
5174,Bintu
5175,Dutika
5176,Binota
5177,Aathu
5178,Alpana
5179,Kanaka
5180,Nafeesa
5181,Sangita
5182,Dhriti
5183,Gaganadipika
5184,Delisha
5185,Divyava
5186,Afroza
5187,Zuhi
5188,Nurry
5189,Rupi
5190,Salboni
5191,Rimika
5192,Toshana
5193,Ariana
5194,Mitwa
5195,Nurun
5196,Aki
5197,Trisita
5198,Thwishaa
5199,Moitrei
5200,Drishti
5201,Manomi
5202,Raina
5203,Lehar
5204,Rubaya
5205,Anwesha
5206,Lakkia
5207,Agnisha
5208,Ishanika
5209,Puspita
5210,Mangalbati
5211,Ashita
5212,Jyotirmaee
5213,Seeza
5214,Suriti
5215,Seza
5216,Ipsita
5217,Bidyangshi
5218,Baysali
5219,Hasna
5220,Joyamoni
5221,Barshana
5222,Kumudini
5223,Manashi
5224,Bakul
5225,Angana
5226,Deeksha
5227,Hridita
5228,Dulali
5229,Divanshi
5230,Driti
5231,Nirupoma
5232,Swati
5233,Kaviya
5234,Lalima
5235,Kinari
5236,Vidhisha
5237,Devashree
5238,Amani
5239,Gayatree
5240,Nila
5241,Madusree
5242,Premi
5243,Yasoda
5244,Amithya
5245,Joysmita
5246,Monidipa
5247,Nirupam
5248,Parijita
5249,Radiya
5250,Najmin
5251,Pradnaya
5252,Subhra
5253,Seerat
5254,Geetanjaly
5255,Souma
5256,Ranu
5257,Bobita
5258,Tahamina
5259,Rithika
5260,Utsa
5261,Simmi
5262,Monaliza
5263,Banashree
5264,Deepti
5265,Brismita
5266,Vajrini
5267,Sadrita
5268,Karpagam
5269,Hejal
5270,Manjari
5271,Angona
5272,Bhristee
5273,Sonia
5274,Mousumy
5275,Deepshikha
5276,Deba
5277,Shipali
5278,Viranica
5279,Roopam
5280,Rekha
5281,Mohima
5282,Poli
5283,Raghvi
5284,Munni
5285,Bibhu
5286,Maheswari
5287,Sobita
5288,Taposree
5289,Haimainti
5290,Sneha
5291,Jyotima
5292,Alo
5293,Unni
5294,Pari
5295,Pabita
5296,Shivsha
5297,Bidushi
5298,Pollovi
5299,Manju
5300,Kanjari
5301,Devya
5302,Shuddhi
5303,Palok
5304,Kanaklata
5305,Dhrubee
5306,Tusa
5307,Madhurima
5308,Sarina
5309,Chayu
5310,Aaradhya
5311,Sakthi
5312,Arunima
5313,Malanchi
5314,Shipli
5315,Kritanka
5316,Aakhi
5317,Locket
5318,Kalavati
5319,Akiba
5320,Mustarin
5321,Phulmati
5322,Tanishka
5323,Amanat
5324,Satviki
5325,Rajni
5326,Debdatta
5327,Lahoma
5328,Anumali
5329,Monjula
5330,Sarnali
5331,Shalini
5332,Yuthika
5333,Chhanda
5334,Himanki
5335,Dipanita
5336,Sayali
5337,Ranju
5338,Bhasha
5339,Jaysri
5340,Avijit
5341,Protibha
5342,Aru
5343,Hayah
5344,Varshani
5345,Rajoni
5346,Madhumeet
5347,Sammi
5348,Dhrutika
5349,Vidhula
5350,Yasmita
5351,Priyankee
5352,Chaitaley
5353,Chanda
5354,Prashati
5355,Shabina
5356,Anjali
5357,Rupanjali
5358,Trisa
5359,Mishu
5360,Nargis
5361,Nabomita
5362,Archona
5363,Dipalie
5364,Pubali
5365,Ansula
5366,Shivam
5367,Moushami
5368,Pavani
5369,Anshuli
5370,Nabarupa
5371,Zerin
5372,Gini
5373,Manideepa
5374,Jailekha
5375,Jasmitha
5376,Samima
5377,Kanika
5378,Shoilee
5379,Shaili
5380,Dimpal
5381,Tharuni
5382,Joyce
5383,Ojashvi
5384,Naveena
5385,Anshaya
5386,Bhuvaneswari
5387,Namita
5388,Padmavati
5389,Tasfia
5390,Nail
5391,Sushmi
5392,Minimol
5393,Majhi
5394,Nabani
5395,Aradhya
5396,Nyanika
5397,Trikshna
5398,Zunaybah
5399,Payeli
5400,Bosushree
5401,Riddhi
5402,Veena
5403,Biswomita
5404,Bhagyashree
5405,Janhabi
5406,Kanishka
5407,Koushika
5408,Muthunagai
5409,Iyushi
5410,Charushila
5411,Shreeya
5412,Istuti
5413,Suma
5414,Priyasha
5415,Tamoghna
5416,Rabina
5417,Ridey
5418,Bivu
5419,Nithila
5420,Manvee
5421,Vidushi
5422,Zelena
5423,Suba
5424,Kiara
5425,Vishlesha
5426,Chaithali
5427,Ruksena
5428,Krishnaveni
5429,Yasodha
5430,Vidyarani
5431,Jalak
5432,Diya
5433,Arikaa
5434,Debrani
5435,Oroni
5436,Youmna
5437,Kasturi
5438,Varsitha
5439,Athira
5440,Novonita
5441,Mishthee
5442,Aloka
5443,Pritosri
5444,Somya
5445,Jhumu
5446,Deeptika
5447,Pial
5448,Vidyu
5449,Roochika
5450,Dhrivika
5451,Gitamoni
5452,Dharmika
5453,Krupa
5454,Changuna
5455,Atreyi
5456,Reesha
5457,Ritaa
5458,Mahasweta
5459,Bidyawati
5460,Samita
5461,Shewli
5462,Tulika
5463,Pratyasha
5464,Deboki
5465,Debsmita
5466,Madhushree
5467,Sangya
5468,Tarjani
5469,Sohini
5470,Alopa
5471,Nabonita
5472,Barshaa
5473,Achla
5474,Tanay
5475,Bonoshri
5476,Keyaa
5477,Tanveer
5478,Yugandhara
5479,Abhimita
5480,Kiranmala
5481,Rathi
5482,Munaisa
5483,Jomuna
5484,Gayathri
5485,Shilpi
5486,Kiana
5487,Deepon
5488,Marwa
5489,Rajeswari
5490,Venny
5491,Arunika
5492,Rosana
5493,Pingla
5494,Kanistha
5495,Binesh
5496,Jugasmita
5497,Nitika
5498,Tanmaya
5499,Jhumpa
5500,Aaheli
5501,Lakshmi
5502,Pompa
5503,Yamha
5504,Saalini
5505,Venuhya
5506,Aradhyo
5507,Nimai
5508,Shammi
5509,Brithi
5510,Aarti
5511,Ayza
5512,Ritika
5513,Arpitaa
5514,Arni
5515,Mridungana
5516,Kaberi
5517,Chandrabati
5518,Setu
5519,Bably
5520,Yashodhara
5521,Viranya
5522,Nabya
5523,Amarjoti
5524,Arosi
5525,Deetika
5526,Ranjana
5527,Chinmoyee
5528,Abhisha
5529,Tusmita
5530,Varunika
5531,Anemone
5532,Tahomina
5533,Patmanjiri
5534,Shriti
5535,Bhruni
5536,Meghaparna
5537,Debahruti
5538,Nilasha
5539,Kathakali
5540,Deeptimayee
5541,Ritama
5542,Albina
5543,Sanjyaa
5544,Bhavini
5545,Devyani
5546,Momotaj
5547,Nazera
5548,Anuga
5549,Nadira
5550,Lubna
5551,Upasona
5552,Reya
5553,Punkodi
5554,Vipula
5555,Sefali
5556,Vanshika
5557,Jaya
5558,Anju
5559,Papiya
5560,Eseta
5561,Sanjuma
5562,Vishal
5563,Pauravi
5564,Aanadi
5565,Anishaa
5566,Monojit
5567,Diptashree
5568,Mahi
5569,Malika
5570,Sutree
5571,Kaviyarasi
5572,Payel
5573,Dimpol
5574,Navami
5575,Adriya
5576,Itisha
5577,Ujjayini
5578,Hemavathi
5579,Hamsini
5580,Savi
5581,Siuli
5582,Kosturi
5583,Mithua
5584,Prasanta
5585,Juin
5586,Ameesha
5587,Lotifa
5588,Ginima
5589,Mohor
5590,Gana
5591,Misthi
5592,Priodarshini
5593,Rajia
5594,Apara
5595,Rittwika
5596,Yashvini
5597,Shon
5598,Barsantika
5599,Roksana
5600,Ojaswita
5601,Shudha
5602,Sumona
5603,Debasrita
5604,Rukhsana
5605,Anusree
5606,Oalisa
5607,Jayaprada
5608,Nama
5609,Vanshya
5610,Bulbul
5611,Fahima
5612,Behula
5613,Anushka
5614,Aziza
5615,Sumi
5616,Boishali
5617,Madri
5618,Naseen
5619,Padmini
5620,Anupama
5621,Prasheetha
5622,Fatima
5623,Akalka
5624,Pratixa
5625,Basanta
5626,Rihansika
5627,Dhunu
5628,Chaitalie
5629,Mashiyat
5630,Abhinav
5631,Asifa
5632,Tazin
5633,Risika
5634,Bhaviksha
5635,Bhagya
5636,Adhva
5637,Manjima
5638,Vishruthi
5639,Shubham
5640,Kashfi
5641,Krushna
5642,Rag
5643,Suhita
5644,Bidita
5645,Pronali
5646,Riku
5647,Taneesha
5648,Dibyanee
5649,Aalonika
5650,Akriti
5651,Safrin
5652,Aiya
5653,Bishwa
5654,Mausmi
5655,Agraj
5656,Benitha
5657,Iffat
5658,Kusum
5659,Vanhi
5660,Nimriti
5661,Lilaboti
5662,Deevan
5663,Kamolika
5664,Mehebuba
5665,Tanmoy
5666,Sharlin
5667,Chaitale
5668,Fulkumari
5669,Janhabee
5670,Ashima
5671,Dyutee
5672,Dipajyoti
5673,Veybhavi
5674,Jalabala
5675,Rukmina
5676,Prantika
5677,Shreeja
5678,Sanina
5679,Kshitija
5680,Tanmita
5681,Unaisa
5682,Ariktha
5683,Aavya
5684,Bandisha
5685,Joyshri
5686,Humaisha
5687,Iraimani
5688,Amahira
5689,Somma
5690,Samina
5691,Priyomboda
5692,Asmee
5693,Sarasa
5694,Aishika
5695,Debjoyti
5696,Roopasri
5697,Lolita
5698,Jyotsna
5699,Remya
5700,Jabeen
5701,Bornisha
5702,Khushabu
5703,Lily
5704,Raaka
5705,Rubita
5706,Papia
5707,Kabya
5708,Aditsha
5709,Nandi
5710,Taray
5711,Nambini
5712,Niral
5713,Piyashi
5714,Kumudotti
5715,Boo
5716,Braja
5717,Pratishtha
5718,Baibhabi
5719,Parridhee
5720,Debrupa
5721,Basonti
5722,Shimili
5723,Soniya
5724,Anmol
5725,Saurvi
5726,Shradha
5727,Pradarshika
5728,Monika
5729,Kshipra
5730,Pradeeba
5731,Pratima
5732,Bidyatori
5733,Ruby
5734,Kakoli
5735,Malotilata
5736,Anksita
5737,Malashree
5738,Gungun
5739,Prbhavati
5740,Uttirno
5741,Bhitika
5742,Hanvi
5743,Mitaly
5744,Bandhura
5745,Raika
5746,Abhiram
5747,Omkareshwari
5748,Oindrila
5749,Yadva
5750,Vikranti
5751,Prerna
5752,Madhobi
5753,Anandi
5754,Anhithi
5755,Reethu
5756,Darshan
5757,Vaishali
5758,Abeda
5759,Krushika
5760,Aarchi
5761,Indu
5762,Debaswini
5763,Arfana
5764,Oishree
5765,Mishtee
5766,Lila
5767,Asmaa
5768,Arpi
5769,Jutika
5770,Yashvee
5771,Kadombori
5772,Sapnam
5773,Triza
5774,Jerusha
5775,Tuya
5776,Debasmita
5777,Banshari
5778,Rushaiba
5779,Puspanwita
5780,Triena
5781,Dipabali
5782,Nijum
5783,Niranya
5784,Namankita
5785,Sumana
5786,Nameeta
5787,Yogeeni
5788,Dalia
5789,Sopno
5790,Poranya
5791,Ovia
5792,Bilwa
5793,Dhansiri
5794,Akshiti
5795,Niti
5796,Alka
5797,Rithee
5798,Dibyajyoti
5799,Awni
5800,Chinmayee
5801,Prathiba
5802,Reshmi
5803,Ashara
5804,Naysa
5805,Kruthika
5806,Uddipana
5807,Koushiki
5808,Namyata
5809,Nilesh
5810,Jayasri
5811,Basabi
5812,Praswastika
5813,Zharna
5814,Yamya
5815,Kinjal
5816,Ruhika
5817,Moulima
5818,Archana
5819,Leena
5820,Maanisa
5821,Tarani
5822,Aaru
5823,Kusumkumari
5824,Abhirami
5825,Rannie
5826,Prastuthi
5827,Shravya
5828,Aambika
5829,Kamalesh
5830,Orchika
5831,Mainak
5832,Navasmita
5833,Ayurda
5834,Momita
5835,Manti
5836,Hiramoni
5837,Madhumala
5838,Atrika
5839,Ainee
5840,Rithikaa
5841,Vinay
5842,Suraya
5843,Purobi
5844,Jumi
5845,Tarasundari
5846,Gitika
5847,Rumana
5848,Vaishno
5849,Karshika
5850,Deboshri
5851,Rajmoni
5852,Basundhara
5853,Saksi
5854,Maushumi
5855,Meheruna
5856,Guddi
5857,Dhyana
5858,Mita
5859,Ayana
5860,Rukmuni
5861,Rithusna
5862,Vaffa
5863,Nilanjan
5864,Wamil
5865,Shrinka
5866,Neelasha
5867,Survi
5868,Anumeha
5869,Titili
5870,Baishnabi
5871,Kiruba
5872,Kamana
5873,Chandi
5874,Zubeida
5875,Wrushali
5876,Bhuvani
5877,Ojashwini
5878,Devsena
5879,Parama
5880,Samhita
5881,Arshiya
5882,Chirosmita
5883,Monjudevi
5884,Sanny
5885,Sona
5886,Rupkatha
5887,Deepaprabha
5888,Merina
5889,Anan
5890,Anwayee
5891,Rifa
5892,Bellona
5893,Pameli
5894,Saavi
5895,Lahari
5896,Hirabati
5897,Ganga
5898,Krisa
5899,Debarathi
5900,Mokti
5901,Ichamati
5902,Tushi
5903,Ramani
5904,Kshamya
5905,Aashriya
5906,Lipy
5907,Devasena
5908,Gunika
5909,Nillu
5910,Himansi
5911,Monoshri
5912,Shasa
5913,Grismaa
5914,Anaya
5915,Swathi
5916,Kasturika
5917,Chithra
5918,Purbali
5919,Tulsa
5920,Durbesha
5921,Maariha
5922,Ruhinee
5923,Rianshi
5924,Deexita
5925,Rajoshma
5926,Jothi
5927,Bharani
5928,Baijayanthi
5929,Suditi
5930,Mily
5931,Dimpi
5932,Aasma
5933,Shree
5934,Falguni
5935,Ulupi
5936,Proshmita
5937,Nidhita
5938,Shubha
5939,Shivika
5940,Adrija
5941,Grisha
5942,Maumita
5943,Uttora
5944,Sridhi
5945,Udichi
5946,Kamli
5947,Meera
5948,Sabita
5949,Nisho
5950,Dibika
5951,Aifa
5952,Adriti
5953,Shama
5954,Ishanni
5955,Sanita
5956,Girijabala
5957,Aadrija
5958,Sree
5959,Mehak
5960,Niju
5961,Chonda
5962,Brinda
5963,Kalabati
5964,Hemangi
5965,Sabira
5966,Induprabha
5967,Ruchisree
5968,Aliva
5969,Triyama
5970,Natthamarai
5971,Nilantika
5972,Bikasha
5973,Varuna
5974,Kecia
5975,Pompy
5976,Dhriva
5977,Bharoti
5978,Manjuri
5979,Runa
5980,Ishika
5981,Ghanika
5982,Dhritismita
5983,Aashita
5984,Iksha
5985,Salmee
5986,Niranjana
5987,Ishani
5988,Phulmti
5989,Jassu
5990,Pratusha
5991,Vaheeda
5992,Padmalochana
5993,Lohita
5994,Shony
5995,Kaviarasi
5996,Sabine
5997,Parvin
5998,Durba
5999,Madhumanti
6000,Suman
6001,Gatha
6002,Mohar
6003,Mahalaxmi
6004,Trisha
6005,Juli
6006,Chandrkala
6007,Vidhun
6008,Deepthy
6009,Kulthoom
6010,Supra
6011,Zidan
6012,Shmeeta
6013,Choti
6014,Ditipriya
6015,Rameshwori
6016,Debanshi
6017,Shiva
6018,Antora
6019,Sauna
6020,Kouther
6021,Oushni
6022,Shanvi
6023,Prarthana
6024,Raaifa
6025,Ruhanee
6026,Geetima
6027,Samea
6028,Likhita
6029,Aadrika
6030,Ekta
6031,Amiti
6032,Lina
6033,Mou
6034,Saswata
6035,Aina
6036,GnanaMagal
6037,Khanak
6038,Abantika
6039,Arki
6040,Mritika
6041,Shweta
6042,Adhip
6043,Yashashwi
6044,Bairavi
6045,Mehreen
6046,Shayari
6047,Greeshmi
6048,Yuvarani
6049,Bithi
6050,Neeha
6051,Bidya
6052,Rumay
6053,Vritika
6054,Sipra
6055,Maitree
6056,Reyanshi
6057,Yaashvi
6058,Bidyawoti
6059,Laxmie
6060,Aaradhna
6061,Pratibhaa
6062,Sonita
6063,Palkita
6064,Swagta
6065,Kavishaa
6066,Chutku
6067,Kalawati
6068,Sanaya
6069,Anuja
6070,Deboshruti
6071,Sisila
6072,Chandini
6073,Bishari
6074,Amrita
6075,Baitali
6076,Soo
6077,Mondira
6078,Bansri
6079,Jinia
6080,Samidha
6081,Tahrima
6082,Sahiba
6083,Prahasini
6084,Myra
6085,Nilanka
6086,Jasmina
6087,Munali
6088,Nisana
6089,Samanta
6090,Shikha
6091,Tamanna
6092,Janavie
6093,Varsita
6094,Ila
6095,Eisa
6096,Ashvi
6097,Suroma
6098,Rikta
6099,Jaina
6100,Gulzar
6101,Jeenat
6102,Pallabi
6103,Urvisha
6104,Mangola
6105,Amrika
6106,Saayoni
6107,Nowrin
6108,Lika
6109,Ramini
6110,Aagni
6111,Chiti
6112,Baby
6113,Oorja
6114,Ranjukta
6115,Mamita
6116,Bushra
6117,Ihita
6118,Tanyee
6119,Ahona
6120,Sambhu
6121,Varbi
6122,Aphsana
6123,Sadhika
6124,Saioni
6125,Adhira
6126,Moulika
6127,Pallobi
6128,Priyankshi
6129,Jalaja
6130,Suraj
6131,Kumudinee
6132,Rajalakshmi
6133,Vaishnodevi
6134,Shanima
6135,Gunny
6136,Shitij
6137,Udantika
6138,Vrushali
6139,Zia
6140,Shoha
6141,Manimekhala
6142,Prathma
6143,Nandita
6144,Rickta
6145,Chidanvee
6146,Modhurima
6147,Saloni
6148,Gauri
6149,Shimpi
6150,Manjura
